source_artifact,tag,experiment,system,rho_true,seed,run,dt,R,n_steps_per_trajectory,diffusion_rel_l2,a12_rel_l2,b1_rel_l2,b2_rel_l2,rho_tensor_mean,rho_tensor_median,rho_tensor_iqr,rho_tensor_psd_median,rho_parametric_hat,kappa_hat,theta_hat,xi_hat,rho_tensor_abs_error,rho_sign_correct,n_rho_points
results/heston_cir/lev1_synthetic_regimes.csv,leverage_regime_sweep,lev1_tensor_regimes,heston_logsv,-0.2,1020,0,0.003968253968253968,4,3000,0.058366203794157384,0.017476784421299057,1.0,0.7388551956346143,-0.20589511317694417,-0.2103765350071134,0.0057386131228052695,-0.21037653500711342,-0.2046137108708893,1.7095369175007613,0.035655792157434314,0.2942713630228966,0.010376535007113386,True,289
results/heston_cir/lev1_synthetic_regimes.csv,leverage_regime_sweep,lev1_tensor_regimes,heston_logsv,-0.2,1057,1,0.003968253968253968,4,3000,0.03228532681350082,0.2837841689738838,11.374523699591226,1.0,-0.22991097842928201,-0.20582932755934488,0.07818945851768797,-0.20557228195841407,-0.05332083215934935,-0.0,,0.2892997316712351,0.005829327559344871,True,287
results/heston_cir/lev1_synthetic_regimes.csv,leverage_regime_sweep,lev1_tensor_regimes,heston_logsv,-0.2,1094,2,0.003968253968253968,4,3000,0.01742095681046764,0.049994598010984256,1.0,0.8097227753466077,-0.20057509086344766,-0.1934987658425191,0.01942906868595537,-0.19349876584251913,-0.14212979180473428,-0.12343157993326759,-0.027350955403275517,0.2969780275365695,0.006501234157480912,True,289
results/heston_cir/lev1_synthetic_regimes.csv,leverage_regime_sweep,lev1_tensor_regimes,heston_logsv,-0.2,1131,3,0.003968253968253968,4,3000,0.05000709731656918,0.046242637483296586,1.0,0.06532212504432336,-0.2169779304136207,-0.19830181781717088,0.023484030624901314,-0.19830181781717093,-0.12489404901092838,2.0514793102037157,0.03825730836171873,0.3328627769962734,0.0016981821828291332,True,289
results/heston_cir/lev1_synthetic_regimes.csv,leverage_regime_sweep,lev1_tensor_regimes,heston_logsv,-0.2,1168,4,0.003968253968253968,4,3000,0.2257887489646541,1.096678801777018,1.0,2.7775761434357675,-0.27044134316191304,-0.25087926337376254,0.21263992622857825,-0.24831337375054244,-0.3203199094741138,1.758463541073823,0.037919928272321726,0.28355390328136465,0.05087926337376253,True,273
results/heston_cir/lev1_synthetic_regimes.csv,leverage_regime_sweep,lev1_tensor_regimes,heston_logsv,-0.2,1205,5,0.003968253968253968,4,3000,0.03065849488290105,0.165735095482054,1.0,0.39129867599263224,-0.20394489165169272,-0.21528124435830612,0.006044267026595135,-0.21528124435830612,-0.2552361920085627,2.4153579302429065,0.03281114244434098,0.2250343512385407,0.015281244358306106,True,289
results/heston_cir/lev1_synthetic_regimes.csv,leverage_regime_sweep,lev1_tensor_regimes,heston_logsv,-0.2,1242,6,0.003968253968253968,4,3000,0.05885539301461434,0.6970038070794293,1.0,3.1047961822017274,-0.2866673908778655,-0.25911636900478346,0.12766346022427852,-0.25911636900478346,-0.07106771741447167,-1.4347209922850972,-0.01593294669911463,0.2925697585972498,0.05911636900478345,True,289
results/heston_cir/lev1_synthetic_regimes.csv,leverage_regime_sweep,lev1_tensor_regimes,heston_logsv,-0.2,1279,7,0.003968253968253968,4,3000,0.10274592968920208,1.0,1.0,2.809056545805317,0.0,0.0,0.0,0.0,0.0,1.0785123851395944,-0.03689662620970755,0.3176849225384682,0.2,False,289
results/heston_cir/lev1_synthetic_regimes.csv,leverage_regime_sweep,lev1_tensor_regimes,heston_logsv,-0.2,1316,8,0.003968253968253968,4,3000,0.09104920346370454,0.11417665814424287,1.0,0.14182965043498472,-0.20477522374737173,-0.21125410315951323,0.03188178262643421,-0.21125410315951323,-0.21611140717174324,2.170876902746853,0.037197963262889024,0.2880296556793409,0.011254103159513223,True,289
results/heston_cir/lev1_synthetic_regimes.csv,leverage_regime_sweep,lev1_tensor_regimes,heston_logsv,-0.2,1353,9,0.003968253968253968,4,3000,0.060816107557279765,0.2219718168627063,20.477393149925753,1.0,-0.20923693681372527,-0.21064070294678422,0.06200862798084944,-0.21064070294678422,-0.2448554743800688,-0.0,,0.2922629361018671,0.010640702946784208,True,289
results/heston_cir/lev1_synthetic_regimes.csv,leverage_regime_sweep,lev1_tensor_regimes,heston_logsv,-0.2,1390,10,0.003968253968253968,4,3000,0.12188722489034529,0.16030940039556132,1.0,0.5990034625350015,-0.20836412288764486,-0.21485715272322092,0.02851172164510321,-0.21498547814553226,-0.1933705115165781,1.6064043004697612,0.04028056267743912,0.29569308081131157,0.014857152723220912,True,286
results/heston_cir/lev1_synthetic_regimes.csv,leverage_regime_sweep,lev1_tensor_regimes,heston_logsv,-0.2,1427,11,0.003968253968253968,4,3000,0.0822566507596526,0.6240486215878432,1.0,0.6725910091195855,-0.2970373077804993,-0.2289368819337569,0.1308307851519921,-0.22893688193375694,0.0011914565804713195,4.45575709708591,0.028897592245567996,0.27635808948320695,0.028936881933756903,True,289
results/heston_cir/lev1_synthetic_regimes.csv,leverage_regime_sweep,lev1_tensor_regimes,heston_logsv,-0.2,1464,12,0.003968253968253968,4,3000,0.024563457907154463,0.13553200572393967,1.0,0.8186130860168761,-0.190716675368884,-0.21009307389796075,0.02500714134499779,-0.21009307389796075,-0.21043793977022157,-1.4684916495648694,-0.036032312987058515,0.30527322705628884,0.010093073897960742,True,289
results/heston_cir/lev1_synthetic_regimes.csv,leverage_regime_sweep,lev1_tensor_regimes,heston_logsv,-0.2,1501,13,0.003968253968253968,4,3000,0.13920277021075042,0.5674278029217346,1.0,1.0,-0.15457939496879186,-0.16132221281756698,0.1689624890631303,-0.18105523073835827,-0.4838186798652725,-0.0,,0.2056666931712074,0.03867778718243303,True,260
results/heston_cir/lev1_synthetic_regimes.csv,leverage_regime_sweep,lev1_tensor_regimes,heston_logsv,-0.2,1538,14,0.003968253968253968,4,3000,0.01644794874619708,0.1802679150567088,4.789159060325388,1.0,-0.21149669347767178,-0.20179812770491468,0.0480135488625798,-0.20179812770491468,-0.190028451748924,-0.0,,0.28930445347096223,0.001798127704914665,True,289
results/heston_cir/lev1_synthetic_regimes.csv,leverage_regime_sweep,lev1_tensor_regimes,heston_logsv,-0.2,1575,15,0.003968253968253968,4,3000,0.022679839040207938,0.15432789072791797,1.0,0.721710501216156,-0.19896334591028947,-0.2125733097200527,0.04167175560216366,-0.21257330972005273,-0.24156365238522337,1.6101940107826154,0.04156572074305597,0.2872892052813619,0.012573309720052689,True,289
results/heston_cir/lev1_synthetic_regimes.csv,leverage_regime_sweep,lev1_tensor_regimes,heston_logsv,-0.2,1612,16,0.003968253968253968,4,3000,0.035930902028698274,0.12695935574986497,1.0,0.7182619796371753,-0.19093739808143462,-0.18005447055102625,0.013273426921928011,-0.18005447055102625,-0.16286005620777794,1.1157989768301961,0.04856138183205766,0.30130304673127684,0.019945529448973764,True,289
results/heston_cir/lev1_synthetic_regimes.csv,leverage_regime_sweep,lev1_tensor_regimes,heston_logsv,-0.2,1649,17,0.003968253968253968,4,3000,0.13901546713832752,0.6601906127543872,1.0,3.1416693451698823,-0.2042479565508681,-0.0993059507506092,0.11670551906354909,-0.10154791615936727,0.0,-0.6314143352366517,-0.03053604173076776,0.29543555477980943,0.10069404924939081,True,281
results/heston_cir/lev1_synthetic_regimes.csv,leverage_regime_sweep,lev1_tensor_regimes,heston_logsv,-0.2,1686,18,0.003968253968253968,4,3000,0.3455621090865565,1.950768528477427,1.0,3.345644445521424,-0.20012506771079203,-0.25718292799222353,0.34796938080199064,-0.2509774690912035,0.19225838900255826,4.608613102482126,0.03764485134557355,0.30307531653922765,0.05718292799222352,True,286
results/heston_cir/lev1_synthetic_regimes.csv,leverage_regime_sweep,lev1_tensor_regimes,heston_logsv,-0.2,1723,19,0.003968253968253968,4,3000,0.09611936336234926,0.5036052670493055,1.0,0.5918699706570235,-0.23990270946633008,-0.21937210064093313,0.11184339756134334,-0.21937210064093315,0.12140453371725451,3.0173917623406736,0.03648111394837873,0.2902218241305326,0.019372100640933115,True,289
results/heston_cir/lev1_synthetic_regimes.csv,leverage_regime_sweep,lev1_tensor_regimes,heston_logsv,-0.2,1760,20,0.003968253968253968,4,3000,0.013696503078635007,0.1452195486744924,1.0,0.11505800581364317,-0.20918462865820261,-0.18079003974596844,0.06003876419670545,-0.18079003974596844,-0.010505667009463383,1.2064791386633396,0.04575538786213865,0.28922503470611194,0.01920996025403157,True,289
results/heston_cir/lev1_synthetic_regimes.csv,leverage_regime_sweep,lev1_tensor_regimes,heston_logsv,-0.2,1797,21,0.003968253968253968,4,3000,0.10013600828846503,0.1365790013730363,1.0,0.6251416270862882,-0.18718945004727344,-0.18428167675425045,0.015252757421153756,-0.18432677653773183,-0.18039882592925172,1.6857747641466208,0.03865187912769228,0.28720392400193157,0.015718323245749566,True,284
results/heston_cir/lev1_synthetic_regimes.csv,leverage_regime_sweep,lev1_tensor_regimes,heston_logsv,-0.2,1834,22,0.003968253968253968,4,3000,0.22434520566732966,0.11322598224761637,9.378033474915593,1.19107584205527,-0.16406861611246862,-0.1745312118928837,0.02210528928732805,-0.17401758916622287,-0.24630107779609647,2.9811288337658537,0.029807443816350792,0.3188888202707966,0.025468788107116308,True,281
results/heston_cir/lev1_synthetic_regimes.csv,leverage_regime_sweep,lev1_tensor_regimes,heston_logsv,-0.2,1871,23,0.003968253968253968,4,3000,0.10237535717298561,0.27049039948187004,1.0,1.0,-0.21167253912759237,-0.1870253677757016,0.06411641748543553,-0.1904548923799294,-0.11271118042887504,-0.0,,0.2966576834900904,0.012974632224298399,True,282
results/heston_cir/lev1_synthetic_regimes.csv,leverage_regime_sweep,lev1_tensor_regimes,heston_logsv,-0.2,1908,24,0.003968253968253968,4,3000,0.21986959536006997,1.0,19.789255634961265,1.0,0.0,0.0,0.0,0.0,0.0,-0.0,,0.35442165151180616,0.2,False,289
results/heston_cir/lev1_synthetic_regimes.csv,leverage_regime_sweep,lev1_tensor_regimes,heston_logsv,-0.2,1945,25,0.003968253968253968,4,3000,0.03474773177967025,0.11666162092809554,1.0,0.2789844243300442,-0.2015013999695912,-0.22455503506367472,0.011481209997334707,-0.22455503506367472,-0.2879098304078782,2.120983027489211,0.04028623685751,0.24164994835338727,0.024555035063674707,True,289
results/heston_cir/lev1_synthetic_regimes.csv,leverage_regime_sweep,lev1_tensor_regimes,heston_logsv,-0.2,1982,26,0.003968253968253968,4,3000,0.04366340491564387,0.4425022563625643,5.469441135438454,1.0707295328822286,-0.20474756271221745,-0.15330821580479082,0.13766806176669288,-0.1533082158047908,0.06108356192346037,1.1849274519810908,0.08309504538053486,0.29191626999130493,0.046691784195209196,True,289
results/heston_cir/lev1_synthetic_regimes.csv,leverage_regime_sweep,lev1_tensor_regimes,heston_logsv,-0.2,2019,27,0.003968253968253968,4,3000,0.05901344222845501,0.19230227561261715,6.049683841596999,0.2578301407286693,-0.22944484452130043,-0.20465659156704835,0.05329913981454967,-0.20465659156704838,0.01647679017666151,2.301326365980819,0.03566963980892112,0.2927867116324417,0.00465659156704834,True,289
results/heston_cir/lev1_synthetic_regimes.csv,leverage_regime_sweep,lev1_tensor_regimes,heston_logsv,-0.2,2056,28,0.003968253968253968,4,3000,0.06587921913003605,0.051707826246186674,1.0,1.0,-0.20255132184773902,-0.19539766974436232,0.017435344880287695,-0.19556099175054176,-0.1497916851346504,-0.0,,0.29644466109581885,0.004602330255637693,True,285
results/heston_cir/lev1_synthetic_regimes.csv,leverage_regime_sweep,lev1_tensor_regimes,heston_logsv,-0.2,2093,29,0.003968253968253968,4,3000,0.010279471252728498,0.08198965104197746,1.0,3.3787492574792735,-0.2228803335231585,-0.21372642570551753,0.008446460936935879,-0.21372642570551753,-0.20791877053674773,-1.9712449765391993,-0.018317362515099793,0.30987334810357875,0.01372642570551752,True,289
results/heston_cir/lev1_synthetic_regimes.csv,leverage_regime_sweep,lev1_tensor_regimes,heston_logsv,-0.5,1050,0,0.003968253968253968,4,3000,0.005056035578963592,0.021538344886024605,1.0,1.0,-0.5149643426335073,-0.515711260856356,0.0011254220659704384,-0.5157112608563561,-0.5165271941393711,-0.0,,0.29388066488059345,0.01571126085635599,True,289
results/heston_cir/lev1_synthetic_regimes.csv,leverage_regime_sweep,lev1_tensor_regimes,heston_logsv,-0.5,1087,1,0.003968253968253968,4,3000,0.11008830835686102,0.15384837952955902,1.0,2.1458268067040343,-0.5588881597411686,-0.5081187561228808,0.048426321568807995,-0.5081187561228808,-0.31651764901760043,2.867284949565176,0.04766985330277079,0.31248223627925803,0.008118756122880821,True,289
results/heston_cir/lev1_synthetic_regimes.csv,leverage_regime_sweep,lev1_tensor_regimes,heston_logsv,-0.5,1124,2,0.003968253968253968,4,3000,0.8604950855624093,0.877859274372573,1.0,1.0,-0.5025394810930017,-0.5292437921001623,0.21339098272838064,-0.5329999309234379,-0.4484015640107432,-0.0,,0.35097563775414525,0.029243792100162258,True,274
results/heston_cir/lev1_synthetic_regimes.csv,leverage_regime_sweep,lev1_tensor_regimes,heston_logsv,-0.5,1161,3,0.003968253968253968,4,3000,0.21410603673815345,0.32268982235684734,1.0,2.737194342449506,-0.5474843409178972,-0.5136927065170801,0.10592174654517583,-0.5090083553674783,-0.43577535603689965,3.12473079477665,0.03993675071438376,0.3180489548996504,0.0136927065170801,True,278
results/heston_cir/lev1_synthetic_regimes.csv,leverage_regime_sweep,lev1_tensor_regimes,heston_logsv,-0.5,1198,4,0.003968253968253968,4,3000,0.006080314684511755,0.017426166195382915,12.187874263728778,1.0859649668868596,-0.510287186464854,-0.5019782437500153,0.010619588724687545,-0.5019782437500153,-0.49407321460561554,0.2962604357764307,0.2576046232324288,0.30171185050183136,0.0019782437500153183,True,289
results/heston_cir/lev1_synthetic_regimes.csv,leverage_regime_sweep,lev1_tensor_regimes,heston_logsv,-0.5,1235,5,0.003968253968253968,4,3000,0.41362247046822503,0.23358567849562414,1.0,0.3254583380158422,-0.5090953742601094,-0.5125494439895767,0.021590589985555075,-0.5125495394803412,-0.3382538311399836,1.5733364086223345,0.02943992936034897,0.26709385601145175,0.012549443989576692,True,273
results/heston_cir/lev1_synthetic_regimes.csv,leverage_regime_sweep,lev1_tensor_regimes,heston_logsv,-0.5,1272,6,0.003968253968253968,4,3000,0.13744318593120616,0.22056378443960986,8.809152645217155,0.7812691135643826,-0.492468268456924,-0.507044031814539,0.09353214258636477,-0.505728933049139,-0.7590678099274829,3.8680819881981026,0.03361822630525315,0.29932562696488324,0.0070440318145390535,True,285
results/heston_cir/lev1_synthetic_regimes.csv,leverage_regime_sweep,lev1_tensor_regimes,heston_logsv,-0.5,1309,7,0.003968253968253968,4,3000,0.09323873267845202,0.11070320590058728,1.0,0.4305788005231889,-0.5032351456191589,-0.5065475153078132,0.004698062695240313,-0.5062977401741066,-0.5442501538082979,3.5476207864580958,0.030092235109044404,0.3207100775400802,0.006547515307813168,True,272
results/heston_cir/lev1_synthetic_regimes.csv,leverage_regime_sweep,lev1_tensor_regimes,heston_logsv,-0.5,1346,8,0.003968253968253968,4,3000,0.1894543811426855,0.03978534924728369,1.0,0.7249455870127336,-0.4662302328287819,-0.4738831031458911,0.04568725415509717,-0.47414931001493976,-0.4906119423018182,0.17306307882193628,0.3787171688222067,0.29551581999839915,0.026116896854108895,True,285
results/heston_cir/lev1_synthetic_regimes.csv,leverage_regime_sweep,lev1_tensor_regimes,heston_logsv,-0.5,1383,9,0.003968253968253968,4,3000,0.4391965657627145,0.9045277509549168,1.0,3.2428857705320224,-0.5056448342631066,-0.5539008674881805,0.3127390537308232,-0.5526201604925656,0.06901093422608989,-0.59644570723921,-0.09202430957916054,0.24533883474261883,0.05390086748818046,True,286
results/heston_cir/lev1_synthetic_regimes.csv,leverage_regime_sweep,lev1_tensor_regimes,heston_logsv,-0.5,1420,10,0.003968253968253968,4,3000,0.027942894102279982,0.10334095037224228,1.0,0.28931777714127627,-0.48855641339324546,-0.49320430142261407,0.03514884693473508,-0.49313094922217854,-0.4921436741124833,1.1458835515168788,0.05836166675532118,0.28966845764383314,0.0067956985773859335,True,287
results/heston_cir/lev1_synthetic_regimes.csv,leverage_regime_sweep,lev1_tensor_regimes,heston_logsv,-0.5,1457,11,0.003968253968253968,4,3000,0.03303527915447038,0.03451481485234286,1.0,0.17794120772048297,-0.5103341030075538,-0.5309289520600934,0.02351206320361876,-0.5309289520600933,-0.5367237966759361,0.4980471552044087,0.0768697788443054,0.29062545783433885,0.030928952060093384,True,289
results/heston_cir/lev1_synthetic_regimes.csv,leverage_regime_sweep,lev1_tensor_regimes,heston_logsv,-0.5,1494,12,0.003968253968253968,4,3000,0.1163280139348451,0.19882239850950115,1.0,0.37697454046114703,-0.4630693225019918,-0.4979588990059306,0.07251256877938828,-0.49804667866165475,-0.35688490496273667,2.619396746297924,0.03671525878949122,0.28100721584472765,0.0020411009940694003,True,288
results/heston_cir/lev1_synthetic_regimes.csv,leverage_regime_sweep,lev1_tensor_regimes,heston_logsv,-0.5,1531,13,0.003968253968253968,4,3000,0.056736202161756136,0.19553258773603846,1.0,1.1826001897570746,-0.5864591425811921,-0.489581339868166,0.12609199081045347,-0.491426639848068,-0.36714022300513954,0.5326226695755398,0.1368122692471995,0.30302216398910475,0.010418660131834012,True,285
results/heston_cir/lev1_synthetic_regimes.csv,leverage_regime_sweep,lev1_tensor_regimes,heston_logsv,-0.5,1568,14,0.003968253968253968,4,3000,0.03084435099280864,0.12169481017334842,1.0,0.7669708183807871,-0.46566418216153643,-0.48027105586054386,0.07546737878462867,-0.48027105586054386,-0.4599362531118024,2.191551925990847,0.030174057772946884,0.28368494861241783,0.01972894413945614,True,289
results/heston_cir/lev1_synthetic_regimes.csv,leverage_regime_sweep,lev1_tensor_regimes,heston_logsv,-0.5,1605,15,0.003968253968253968,4,3000,0.13090411473259042,0.08298287518880092,3.735372141168021,1.1576776939835864,-0.5144907711130168,-0.4720441373346438,0.06208607241958641,-0.47379120886065434,-0.5372045715025013,2.1717450971790386,0.03990772943789183,0.24212761583707618,0.027955862665356213,True,275
results/heston_cir/lev1_synthetic_regimes.csv,leverage_regime_sweep,lev1_tensor_regimes,heston_logsv,-0.5,1642,16,0.003968253968253968,4,3000,0.029485129598324052,0.08823086342272145,7.7620940421168,0.550871045824788,-0.5366868191140169,-0.4841743282270946,0.014142420530115385,-0.48417432822709466,-0.4115070125103075,0.6407412083289223,0.09076991099620281,0.3166479706863971,0.015825671772905392,True,289
results/heston_cir/lev1_synthetic_regimes.csv,leverage_regime_sweep,lev1_tensor_regimes,heston_logsv,-0.5,1679,17,0.003968253968253968,4,3000,0.045428521626790924,0.14284518125747867,1.0,0.508094127110503,-0.49957291990217867,-0.4800918781002835,0.10618369735244992,-0.4800918781002835,-0.5033525003319479,0.6338000742110761,0.08617577353487971,0.29720324926599173,0.019908121899716524,True,289
results/heston_cir/lev1_synthetic_regimes.csv,leverage_regime_sweep,lev1_tensor_regimes,heston_logsv,-0.5,1716,18,0.003968253968253968,4,3000,0.02976541253212694,0.04710458882738067,1.0,0.5048286217216289,-0.5397559864617768,-0.5011499355626383,0.038780366612801764,-0.5011499355626383,-0.37840516881507724,1.9602759820894229,0.04789073599328034,0.2926805763234678,0.0011499355626383156,True,289
results/heston_cir/lev1_synthetic_regimes.csv,leverage_regime_sweep,lev1_tensor_regimes,heston_logsv,-0.5,1753,19,0.003968253968253968,4,3000,0.37918326148013903,0.09317823664106516,1.0,1.0,-0.604049509308981,-0.5357499526326198,0.1783697462353433,-0.5416133267500653,-0.3748408663614218,-0.0,,0.3122586910926034,0.03574995263261982,True,283
results/heston_cir/lev1_synthetic_regimes.csv,leverage_regime_sweep,lev1_tensor_regimes,heston_logsv,-0.5,1790,20,0.003968253968253968,4,3000,0.06994486850132309,0.16037228727528768,1.0,0.7996826535500648,-0.5035376495569064,-0.5045167511528001,0.10141742465193038,-0.5045167511528001,-0.522202723112253,1.5029640104389588,0.043032573207342995,0.27237419455495643,0.004516751152800147,True,289
results/heston_cir/lev1_synthetic_regimes.csv,leverage_regime_sweep,lev1_tensor_regimes,heston_logsv,-0.5,1827,21,0.003968253968253968,4,3000,0.01605977239083623,0.040622431600159194,1.0,1.203067913241425,-0.5054048309448308,-0.48617077590484176,0.010873507311074226,-0.48617077590484165,-0.4375731905213359,1.6718719237728719,0.04807309852250979,0.23066094211373836,0.013829224095158243,True,289
results/heston_cir/lev1_synthetic_regimes.csv,leverage_regime_sweep,lev1_tensor_regimes,heston_logsv,-0.5,1864,22,0.003968253968253968,4,3000,0.20548431437348944,0.09082882758949593,1.0,0.9884384743391291,-0.49387742675500074,-0.47019429650836553,0.044534028771887946,-0.4706134001615522,-0.32677797344257886,-0.28916691530408256,-0.08677142077654491,0.3066965210910141,0.029805703491634472,True,285
results/heston_cir/lev1_synthetic_regimes.csv,leverage_regime_sweep,lev1_tensor_regimes,heston_logsv,-0.5,1901,23,0.003968253968253968,4,3000,0.13618894363458284,0.24013990951607922,1.0,1.0,-0.5456683895310306,-0.5350166818994544,0.08022169070416973,-0.5401894623380651,-0.3074245278454548,-0.0,,0.3180058278576529,0.035016681899454394,True,272
results/heston_cir/lev1_synthetic_regimes.csv,leverage_regime_sweep,lev1_tensor_regimes,heston_logsv,-0.5,1938,24,0.003968253968253968,4,3000,0.030669195508123533,0.020215173652278914,1.0,0.36304387210036043,-0.5026078246949498,-0.5066360755877891,0.01193357599031658,-0.5066360755877891,-0.5305758072092787,1.020512755891966,0.037824902040449714,0.2757658127587667,0.006636075587789114,True,289
results/heston_cir/lev1_synthetic_regimes.csv,leverage_regime_sweep,lev1_tensor_regimes,heston_logsv,-0.5,1975,25,0.003968253968253968,4,3000,0.04931600201609299,0.005317468175358248,1.0,0.5636082124293288,-0.5087292137894911,-0.4998074593918932,0.0010881203697144515,-0.49980745939189325,-0.4785619550740523,1.8492426326296783,0.03591143831608852,0.3104458914399455,0.00019254060810680595,True,289
results/heston_cir/lev1_synthetic_regimes.csv,leverage_regime_sweep,lev1_tensor_regimes,heston_logsv,-0.5,2012,26,0.003968253968253968,4,3000,0.10080668616241419,0.1894766235853765,1.0,2.9188764562031166,-0.4519008399163828,-0.4753281171505768,0.07367705034609795,-0.4753281171505768,-0.670073587079064,-0.7046764621883281,-0.06955449316017294,0.281537795528834,0.024671882849423177,True,289
results/heston_cir/lev1_synthetic_regimes.csv,leverage_regime_sweep,lev1_tensor_regimes,heston_logsv,-0.5,2049,27,0.003968253968253968,4,3000,0.06603868813646005,0.29752977780165596,20.358133952457198,0.11672353303745026,-0.5321286258207139,-0.46217211468386243,0.16389338246101848,-0.4658826521521139,-0.36190632778570136,1.838756389008252,0.04245625783192927,0.2941895079600093,0.037827885316137566,True,287
results/heston_cir/lev1_synthetic_regimes.csv,leverage_regime_sweep,lev1_tensor_regimes,heston_logsv,-0.5,2086,28,0.003968253968253968,4,3000,0.06975681008669743,0.14846217253803512,1.0,2.226253923070893,-0.48762702428923116,-0.45789829696173634,0.03655441807589316,-0.45789829696173634,-0.40449879887901696,-0.2825509726774049,-0.05785480284273168,0.29198143558878253,0.04210170303826366,True,289
results/heston_cir/lev1_synthetic_regimes.csv,leverage_regime_sweep,lev1_tensor_regimes,heston_logsv,-0.5,2123,29,0.003968253968253968,4,3000,0.28863621356170704,0.24836220701552125,19.388503245579848,4.421635592109716,-0.5459175360389696,-0.5528628538609295,0.08433774364497415,-0.5528056723859277,-0.46352719249054425,-2.91218969588928,-0.002805975125791495,0.24919713173855915,0.05286285386092948,True,279
results/heston_cir/lev1_synthetic_regimes.csv,leverage_regime_sweep,lev1_tensor_regimes,heston_logsv,-0.65,1065,0,0.003968253968253968,4,3000,0.06449527740111775,0.008615273056953313,1.0,1.0,-0.6467469111046582,-0.6709932020900617,0.02415033142426537,-0.6709932020900616,-0.6589079543078311,-0.0,,0.29553343848928265,0.020993202090061724,True,289
results/heston_cir/lev1_synthetic_regimes.csv,leverage_regime_sweep,lev1_tensor_regimes,heston_logsv,-0.65,1102,1,0.003968253968253968,4,3000,0.03592042829609225,0.09754369309855528,20.88086616231284,1.0,-0.6969942021813793,-0.6610395513743849,0.07242178689260492,-0.6610395513743849,-0.4788466299869366,-0.0,,0.279156436260639,0.011039551374384837,True,289
results/heston_cir/lev1_synthetic_regimes.csv,leverage_regime_sweep,lev1_tensor_regimes,heston_logsv,-0.65,1139,2,0.003968253968253968,4,3000,0.12479768982918316,0.019579899480758042,1.0,1.0,-0.6422758255089305,-0.6563147532680741,0.03820590966585957,-0.656314753268074,-0.7466937181857067,-0.0,,0.2522326826304462,0.006314753268074069,True,289
results/heston_cir/lev1_synthetic_regimes.csv,leverage_regime_sweep,lev1_tensor_regimes,heston_logsv,-0.65,1176,3,0.003968253968253968,4,3000,0.02387064432186933,0.07023459898193976,1.0,1.0,-0.642757656383089,-0.6179643569657495,0.02138672286683385,-0.6179643569657495,-0.5975681763921395,-0.0,,0.2970988468707699,0.03203564303425055,True,289
results/heston_cir/lev1_synthetic_regimes.csv,leverage_regime_sweep,lev1_tensor_regimes,heston_logsv,-0.65,1213,4,0.003968253968253968,4,3000,0.03640272241146588,0.06834306633750198,1.0,0.4316744508332869,-0.6686062360635247,-0.6355866468543206,0.01576397924113493,-0.6355866468543205,-0.5467384069887372,1.0948047571371406,0.03673548318257947,0.3179267123597008,0.014413353145679375,True,289
results/heston_cir/lev1_synthetic_regimes.csv,leverage_regime_sweep,lev1_tensor_regimes,heston_logsv,-0.65,1250,5,0.003968253968253968,4,3000,0.16264684346880504,0.20645536902397457,1.0,0.4531650484183226,-0.6116555685850855,-0.6268774676702551,0.08737624629296037,-0.6265346722035303,-0.37410943372985667,-0.7324873756492454,-0.03960348075585206,0.2725066777581342,0.023122532329744927,True,288
results/heston_cir/lev1_synthetic_regimes.csv,leverage_regime_sweep,lev1_tensor_regimes,heston_logsv,-0.65,1287,6,0.003968253968253968,4,3000,0.1835545237545224,0.09368377120291546,1.0,0.8996678470073036,-0.6531380436287669,-0.6519724471126026,0.01551221107345424,-0.6519724471126025,-0.5349676812008582,1.5233604578562523,0.047097459923351036,0.2927151882451617,0.001972447112602582,True,289
results/heston_cir/lev1_synthetic_regimes.csv,leverage_regime_sweep,lev1_tensor_regimes,heston_logsv,-0.65,1324,7,0.003968253968253968,4,3000,0.3278262384976188,0.1851706669611544,1.0,1.0,-0.636990969626587,-0.6313259681478642,0.04085349270628824,-0.6313812328019632,-0.38244988425354287,-0.0,,0.2264072273534056,0.018674031852135786,True,286
results/heston_cir/lev1_synthetic_regimes.csv,leverage_regime_sweep,lev1_tensor_regimes,heston_logsv,-0.65,1361,8,0.003968253968253968,4,3000,0.020424880048913036,0.008611757335659337,1.0,0.2916962490410261,-0.6681046687447364,-0.6471128196875715,0.037349344758786485,-0.6474227111005848,-0.6808302142366639,2.551510412439868,0.039062095963395306,0.28162836032776734,0.0028871803124285167,True,285
results/heston_cir/lev1_synthetic_regimes.csv,leverage_regime_sweep,lev1_tensor_regimes,heston_logsv,-0.65,1398,9,0.003968253968253968,4,3000,0.11442051185749078,0.20072860490491565,1.0,1.0,-0.6458199122810314,-0.6961697586075815,0.034140634474455034,-0.6950961651925398,-0.7197729135626244,-0.0,,0.30025024786425364,0.046169758607581435,True,287
results/heston_cir/lev1_synthetic_regimes.csv,leverage_regime_sweep,lev1_tensor_regimes,heston_logsv,-0.65,1435,10,0.003968253968253968,4,3000,0.06453367112063,0.1605143038770741,1.0,0.7010044234109568,-0.7268087508780467,-0.6755360455641163,0.09070528329958538,-0.6755360455641164,-0.44219230760961714,0.7602563943237637,0.056378593652389,0.3040461532828781,0.02553604556411626,True,289
results/heston_cir/lev1_synthetic_regimes.csv,leverage_regime_sweep,lev1_tensor_regimes,heston_logsv,-0.65,1472,11,0.003968253968253968,4,3000,0.17079299167392528,0.03893686052188017,1.0,1.0,-0.620176100941672,-0.6629802468677835,0.06667803978532716,-0.6630617745143069,-0.7142954885811391,-0.0,,0.2899279819133056,0.01298024686778343,True,287
results/heston_cir/lev1_synthetic_regimes.csv,leverage_regime_sweep,lev1_tensor_regimes,heston_logsv,-0.65,1509,12,0.003968253968253968,4,3000,0.06918645079059549,0.06735936933521228,1.0,0.3827991803801278,-0.6455978729703482,-0.6515494559896375,0.00786077238285443,-0.6515494559896375,-0.6238273639341726,1.2224915879438458,0.039203176825661254,0.2830855076501448,0.001549455989637516,True,289
results/heston_cir/lev1_synthetic_regimes.csv,leverage_regime_sweep,lev1_tensor_regimes,heston_logsv,-0.65,1546,13,0.003968253968253968,4,3000,0.01082120829878315,0.03500118519982008,1.0,0.28012062221636813,-0.6525350010446903,-0.6474620060320548,0.004172393864404933,-0.6474620060320547,-0.6449096211174122,0.9226853012897727,0.05482326130688657,0.2874488792004497,0.0025379939679451846,True,289
results/heston_cir/lev1_synthetic_regimes.csv,leverage_regime_sweep,lev1_tensor_regimes,heston_logsv,-0.65,1583,14,0.003968253968253968,4,3000,0.0650394265388417,0.006505518595182734,9.265649509425455,0.2807549745520935,-0.6653667358285387,-0.6436725843026103,0.004057077741078108,-0.6436725843026103,-0.6093676931755363,2.2504415225234298,0.03831368640597288,0.3175197983965723,0.0063274156973897044,True,289
results/heston_cir/lev1_synthetic_regimes.csv,leverage_regime_sweep,lev1_tensor_regimes,heston_logsv,-0.65,1620,15,0.003968253968253968,4,3000,0.016997210990639017,0.029472419554238564,3.0546382473957387,0.2822824998007646,-0.6579734496517513,-0.6468378193174833,0.00883601168859982,-0.6468378193174833,-0.6359744216870946,1.439133330205781,0.0327646875684031,0.2942190827088253,0.0031621806825167242,True,289
results/heston_cir/lev1_synthetic_regimes.csv,leverage_regime_sweep,lev1_tensor_regimes,heston_logsv,-0.65,1657,16,0.003968253968253968,4,3000,0.03633822254994588,0.06479011592054379,1.0,1.5820160375138153,-0.6592832017155396,-0.6115932908330919,0.03290993489283345,-0.6115932908330918,-0.6013293123742721,1.4622758170351826,0.04275210369650546,0.2964104302110948,0.03840670916690814,True,289
results/heston_cir/lev1_synthetic_regimes.csv,leverage_regime_sweep,lev1_tensor_regimes,heston_logsv,-0.65,1694,17,0.003968253968253968,4,3000,0.09751852004106586,0.3116352128358711,1.0,1.0,-0.6763627053139478,-0.6400884583454706,0.06924225876319268,-0.6392163782325093,-0.5089422030489918,-0.0,,0.21410347318331216,0.009911541654529454,True,273
results/heston_cir/lev1_synthetic_regimes.csv,leverage_regime_sweep,lev1_tensor_regimes,heston_logsv,-0.65,1731,18,0.003968253968253968,4,3000,0.1031035908737053,0.17985945433112366,1.0,1.196480463494065,-0.6365482168056826,-0.6216185457322266,0.09687946047883966,-0.621573304242408,-0.7255432484929074,1.71460528131888,0.03879928913719238,0.28418285510835184,0.028381454267773387,True,283
results/heston_cir/lev1_synthetic_regimes.csv,leverage_regime_sweep,lev1_tensor_regimes,heston_logsv,-0.65,1768,19,0.003968253968253968,4,3000,0.04531026674999821,0.11882927603654564,1.0,1.0,-0.6808704771900802,-0.6759961314804308,0.06844533987947488,-0.6765566900153774,-0.6291434907239826,-0.0,,0.26008556347680944,0.025996131480430784,True,286
results/heston_cir/lev1_synthetic_regimes.csv,leverage_regime_sweep,lev1_tensor_regimes,heston_logsv,-0.65,1805,20,0.003968253968253968,4,3000,0.02523373143900885,0.08207071123397669,35.32020100214174,6.9886815791156325,-0.6518571516566529,-0.6344600908059692,0.06470102317925985,-0.6397555647901431,-0.4406484833571017,1.3844248490956392,0.041008119966471177,0.3189518265409834,0.01553990919403081,True,272
results/heston_cir/lev1_synthetic_regimes.csv,leverage_regime_sweep,lev1_tensor_regimes,heston_logsv,-0.65,1842,21,0.003968253968253968,4,3000,0.1097274078386665,0.0998557023825328,1.0,0.9304501043069722,-0.6486381579496431,-0.6398632573810682,0.03824763273433518,-0.6389231949299496,-0.7239626498120494,-8.509376623822007e-05,-450.1202126938718,0.30977848540378117,0.010136742618931827,True,284
results/heston_cir/lev1_synthetic_regimes.csv,leverage_regime_sweep,lev1_tensor_regimes,heston_logsv,-0.65,1879,22,0.003968253968253968,4,3000,0.1624380398366491,0.19978655951125202,1.0,0.5217129047472558,-0.577054102824993,-0.6593087521025331,0.08100718031050314,-0.6578928271519016,-0.8426539443509312,3.5813606997589726,0.03387180334866575,0.33998679318287106,0.009308752102533124,True,284
results/heston_cir/lev1_synthetic_regimes.csv,leverage_regime_sweep,lev1_tensor_regimes,heston_logsv,-0.65,1916,23,0.003968253968253968,4,3000,0.10113039691703957,0.12909409948716433,9.645388476541656,1.0,-0.6419763911676688,-0.631998241627904,0.03373331643964905,-0.6321014953753326,-0.6470037559913502,-0.0,,0.2835787275545809,0.018001758372096055,True,285
results/heston_cir/lev1_synthetic_regimes.csv,leverage_regime_sweep,lev1_tensor_regimes,heston_logsv,-0.65,1953,24,0.003968253968253968,4,3000,0.2967530028230701,0.8089327931400979,1.0,1.0,-0.5750813721586567,-0.6230127853924496,0.38223391406041807,-0.6204327239184938,-0.5737042357429822,-0.0,,0.3040102150380318,0.02698721460755038,True,273
results/heston_cir/lev1_synthetic_regimes.csv,leverage_regime_sweep,lev1_tensor_regimes,heston_logsv,-0.65,1990,25,0.003968253968253968,4,3000,0.003873211709110865,0.006107613807975921,13.243542548571838,0.7617537817075151,-0.6571564534341895,-0.6546401563228293,0.002447053090030349,-0.6546401563228295,-0.6514995428928562,2.370663116260264,0.04510751533677948,0.2969474796156818,0.004640156322829325,True,289
results/heston_cir/lev1_synthetic_regimes.csv,leverage_regime_sweep,lev1_tensor_regimes,heston_logsv,-0.65,2027,26,0.003968253968253968,4,3000,0.12539623028672733,0.004688574747765397,12.423198894730632,1.0,-0.6527875346710256,-0.6409448633657109,0.03645742946141772,-0.6412718291785114,-0.6929655148816847,-0.0,,0.2832976995837679,0.00905513663428914,True,286
results/heston_cir/lev1_synthetic_regimes.csv,leverage_regime_sweep,lev1_tensor_regimes,heston_logsv,-0.65,2064,27,0.003968253968253968,4,3000,0.3700846686111838,0.7053034608786302,1.0,6.303877227941407,-0.5959857613861338,-0.3197273046209377,0.3475195075756651,-0.3253270378857835,0.0,2.3212961921868898,0.05288146194040775,0.3072414506321768,0.33027269537906234,True,284
results/heston_cir/lev1_synthetic_regimes.csv,leverage_regime_sweep,lev1_tensor_regimes,heston_logsv,-0.65,2101,28,0.003968253968253968,4,3000,0.04452658398060412,0.05060304814300741,1.0,0.29200577020230367,-0.6473094943852475,-0.6344118352886513,0.010082595073950484,-0.6344118352886513,-0.6070055029784724,1.3676991223107229,0.03609464948440207,0.30132633082677196,0.015588164711348718,True,289
results/heston_cir/lev1_synthetic_regimes.csv,leverage_regime_sweep,lev1_tensor_regimes,heston_logsv,-0.65,2138,29,0.003968253968253968,4,3000,0.02742411927873669,0.06299810918852007,1.0,1.0,-0.6516984913150652,-0.6351271195038337,0.0199868375993022,-0.6351271195038335,-0.6059314014480467,-0.0,,0.2894924798968481,0.014872880496166307,True,289
results/heston_cir/lev1_synthetic_regimes.csv,leverage_regime_sweep,lev1_tensor_regimes,heston_logsv,-0.85,1085,0,0.003968253968253968,4,3000,0.007583536899979143,0.018101418617568907,1.0,0.5464393989415428,-0.8430613918313768,-0.8500541896183627,0.00796953636298936,-0.8500541896183627,-0.8547386636515178,2.953179307505288,0.036893648809205176,0.30847119833089254,5.418961836267666e-05,True,289
results/heston_cir/lev1_synthetic_regimes.csv,leverage_regime_sweep,lev1_tensor_regimes,heston_logsv,-0.85,1122,1,0.003968253968253968,4,3000,0.06304094516398162,0.09600994777301278,39.61507941697474,4.114581050615222,-0.8723242807954641,-0.8548637528506241,0.05438942736908059,-0.8548637528506241,-0.7775074561019869,-4.0488984103543135,0.006411854954415994,0.2835666089848661,0.004863752850624126,True,289
results/heston_cir/lev1_synthetic_regimes.csv,leverage_regime_sweep,lev1_tensor_regimes,heston_logsv,-0.85,1159,2,0.003968253968253968,4,3000,0.03184599324791879,0.09078270898760109,1.0,1.199857730407868,-0.857836235265698,-0.8163005990251802,0.03913451810096924,-0.8163005990251802,-0.7786922316567791,-1.4212555566625598,-0.007356711762716204,0.2813341390173632,0.033699400974819826,True,289
results/heston_cir/lev1_synthetic_regimes.csv,leverage_regime_sweep,lev1_tensor_regimes,heston_logsv,-0.85,1196,3,0.003968253968253968,4,3000,0.09296606447406898,0.10438006587529233,5.682989884136894,0.6999374631009377,-0.8088385553609331,-0.8449961385977328,0.01905358840736071,-0.844964582751649,-0.8232080838628641,-1.0770089710875401,-0.011194082648586557,0.2922005315537332,0.005003861402267162,True,288
results/heston_cir/lev1_synthetic_regimes.csv,leverage_regime_sweep,lev1_tensor_regimes,heston_logsv,-0.85,1233,4,0.003968253968253968,4,3000,0.08510726120930645,0.057829822412703506,1.0,0.13746062916222193,-0.8546049152606031,-0.8373747979727875,0.01529327471307318,-0.8373747979727874,-0.7651643618692349,1.345462958369287,0.049294948888856584,0.3025418697054259,0.012625202027212512,True,289
results/heston_cir/lev1_synthetic_regimes.csv,leverage_regime_sweep,lev1_tensor_regimes,heston_logsv,-0.85,1270,5,0.003968253968253968,4,3000,0.07143692838924584,0.05075122321265307,1.0,0.11580879844207717,-0.8935560344074137,-0.837527983856635,0.020287449181592532,-0.837527983856635,-0.796182000594131,1.7717881432692673,0.0401616474128851,0.29853374900642565,0.012472016143365017,True,289
results/heston_cir/lev1_synthetic_regimes.csv,leverage_regime_sweep,lev1_tensor_regimes,heston_logsv,-0.85,1307,6,0.003968253968253968,4,3000,0.06787772854835535,0.02664551132372645,1.0,0.6432055839320078,-0.8311566919658914,-0.8509850479381572,0.039008217619523666,-0.8509850479381571,-0.9626721262989771,1.5056777175981186,0.05317921101206696,0.2549276340918981,0.0009850479381572352,True,289
results/heston_cir/lev1_synthetic_regimes.csv,leverage_regime_sweep,lev1_tensor_regimes,heston_logsv,-0.85,1344,7,0.003968253968253968,4,3000,0.11363619236760437,0.12309183079668408,1.0,1.0,-0.8510606167728385,-0.816445750813802,0.0429876154153197,-0.8164457508138018,-0.7051840833012224,-0.0,,0.29228680227870046,0.03355424918619798,True,289
results/heston_cir/lev1_synthetic_regimes.csv,leverage_regime_sweep,lev1_tensor_regimes,heston_logsv,-0.85,1381,8,0.003968253968253968,4,3000,0.03011262540949827,0.03316272033274847,36.8312952973136,2.1208498324489153,-0.8538149164793477,-0.8499494602047183,0.0026398232317725867,-0.8499494602047183,-0.8327406614502098,0.35213223045450226,0.23629328333520158,0.2923355491834908,5.053979528168995e-05,True,289
results/heston_cir/lev1_synthetic_regimes.csv,leverage_regime_sweep,lev1_tensor_regimes,heston_logsv,-0.85,1418,9,0.003968253968253968,4,3000,0.018716939046779495,0.023082409268469273,1.0,0.4561332864474205,-0.8552339144139932,-0.8530871310909038,0.0011652840095304207,-0.853087131090904,-0.8394058916954233,2.2245298748003806,0.03618290387952907,0.3078869681680646,0.0030871310909038607,True,289
results/heston_cir/lev1_synthetic_regimes.csv,leverage_regime_sweep,lev1_tensor_regimes,heston_logsv,-0.85,1455,10,0.003968253968253968,4,3000,0.036612304457431466,0.013576858264596163,1.0,1.0,-0.8506266682053171,-0.8588221622532093,0.010930057574692564,-0.8588221622532092,-0.8417660343523223,-0.0,,0.30754049863822863,0.00882216225320931,True,289
results/heston_cir/lev1_synthetic_regimes.csv,leverage_regime_sweep,lev1_tensor_regimes,heston_logsv,-0.85,1492,11,0.003968253968253968,4,3000,0.11588568170740678,0.19973142077823303,17.295570198381625,1.9571448459525056,-0.7842694692910089,-0.8702473629943919,0.1862145509909756,-0.870247362994392,-1.236491840386166,3.421773034224506,0.03147724665682256,0.27788183635206154,0.020247362994391893,True,289
results/heston_cir/lev1_synthetic_regimes.csv,leverage_regime_sweep,lev1_tensor_regimes,heston_logsv,-0.85,1529,12,0.003968253968253968,4,3000,0.19869623091152944,0.3039844941122152,2.7468412556369635,0.3341049190015939,-0.7384538126907406,-0.8462423007752475,0.06684542129777227,-0.8458638427383182,-0.8077558710613995,2.6829794508867577,0.03655698768354493,0.2221853764423947,0.003757699224752442,True,287
results/heston_cir/lev1_synthetic_regimes.csv,leverage_regime_sweep,lev1_tensor_regimes,heston_logsv,-0.85,1566,13,0.003968253968253968,4,3000,0.10928860606128361,0.10685786492913744,1.0,1.0,-0.8536150820117573,-0.847760508899811,0.019182002381290197,-0.8477605088998109,-0.5722801710252079,-0.0,,0.23402520637028817,0.0022394911001889506,True,289
results/heston_cir/lev1_synthetic_regimes.csv,leverage_regime_sweep,lev1_tensor_regimes,heston_logsv,-0.85,1603,14,0.003968253968253968,4,3000,0.036282208914824754,0.07146704263293117,1.0,1.7897325340554935,-0.8454783322604166,-0.8406236621829657,0.004122056098449622,-0.8406236621829658,-0.8277660571940265,2.4268041866618106,0.035547900132940125,0.28149134089775146,0.009376337817034286,True,289
results/heston_cir/lev1_synthetic_regimes.csv,leverage_regime_sweep,lev1_tensor_regimes,heston_logsv,-0.85,1640,15,0.003968253968253968,4,3000,0.03274626591086021,0.051865093616318844,4.8890357615464675,0.30263846323448884,-0.8116430054379683,-0.8723527372662782,0.07110964180558899,-0.8723527372662782,-1.0771156829168929,1.406333438192807,0.04066405066579849,0.29050693626184015,0.022352737266278178,True,289
results/heston_cir/lev1_synthetic_regimes.csv,leverage_regime_sweep,lev1_tensor_regimes,heston_logsv,-0.85,1677,16,0.003968253968253968,4,3000,0.20485370030922498,0.23135098124787956,1.0,1.0,-0.8585382004510591,-0.8811452585119515,0.02734168200836662,-0.8785817187970566,-1.00671782933981,-0.0,,0.33743446586689424,0.03114525851195149,True,272
results/heston_cir/lev1_synthetic_regimes.csv,leverage_regime_sweep,lev1_tensor_regimes,heston_logsv,-0.85,1714,17,0.003968253968253968,4,3000,0.012955939713071971,0.006753009929376195,1.0,0.8098741410939508,-0.8457569825813476,-0.8455672464056116,0.00014713943526545314,-0.8455672464056116,-0.8546317502152749,1.611598523799962,0.03182208842262423,0.3022804443489334,0.004432753594388328,True,289
results/heston_cir/lev1_synthetic_regimes.csv,leverage_regime_sweep,lev1_tensor_regimes,heston_logsv,-0.85,1751,18,0.003968253968253968,4,3000,0.039100657369198495,0.04110498619571773,1.0,0.19581969502566632,-0.8575251637444714,-0.8486220881006131,0.011047034722164173,-0.848622088100613,-0.810370847739772,2.4188579868613513,0.04100320414370729,0.29157115486663915,0.0013779118993868522,True,289
results/heston_cir/lev1_synthetic_regimes.csv,leverage_regime_sweep,lev1_tensor_regimes,heston_logsv,-0.85,1788,19,0.003968253968253968,4,3000,0.1305446566139116,0.1629101696194095,1.0,1.0,-0.7893115173908033,-0.8588219935538436,0.037404860848284316,-0.8588219935538437,-1.0303435517478905,-0.0,,0.2429910845396512,0.00882199355384361,True,289
results/heston_cir/lev1_synthetic_regimes.csv,leverage_regime_sweep,lev1_tensor_regimes,heston_logsv,-0.85,1825,20,0.003968253968253968,4,3000,0.037359886750968956,0.028293896977818374,1.0,1.0,-0.8452360273111211,-0.8432555023416513,0.0013987132798460866,-0.8432555023416514,-0.8203594911579022,-0.0,,0.29998446233399967,0.006744497658348725,True,289
results/heston_cir/lev1_synthetic_regimes.csv,leverage_regime_sweep,lev1_tensor_regimes,heston_logsv,-0.85,1862,21,0.003968253968253968,4,3000,0.03158851068998282,0.08223661892741885,1.0,1.8668527935333816,-0.8518109418305221,-0.84240967211633,0.008622173152014412,-0.8424096721163299,-0.8276564717655371,0.5577467439500654,0.1327367363562267,0.268440734787125,0.007590327883669978,True,289
results/heston_cir/lev1_synthetic_regimes.csv,leverage_regime_sweep,lev1_tensor_regimes,heston_logsv,-0.85,1899,22,0.003968253968253968,4,3000,0.14611454538489857,0.16014142576293336,1.0,1.0,-0.8563880523675316,-0.8499147162125364,0.03534847594846169,-0.8499147162125364,-0.4629652939439458,-0.0,,0.23233220965815157,8.528378746353038e-05,True,289
results/heston_cir/lev1_synthetic_regimes.csv,leverage_regime_sweep,lev1_tensor_regimes,heston_logsv,-0.85,1936,23,0.003968253968253968,4,3000,0.007828816894049543,0.018397406652583475,3.8685435807353774,0.639266539483649,-0.8526956758217556,-0.847773624967736,0.005454575767888548,-0.847773624967736,-0.8393484161171021,-0.26242491808361823,-0.20242544921465744,0.2935237834708922,0.002226375032263972,True,289
results/heston_cir/lev1_synthetic_regimes.csv,leverage_regime_sweep,lev1_tensor_regimes,heston_logsv,-0.85,1973,24,0.003968253968253968,4,3000,0.11635410421118758,0.15036370700956955,12.457487501836907,0.8657322187354423,-0.839210334146044,-0.8300700077416509,0.07678606093799889,-0.8291773978101348,-0.7927469219799592,-1.295949386754337,-0.00036621360958424126,0.2817513846856778,0.019929992258349127,True,284
results/heston_cir/lev1_synthetic_regimes.csv,leverage_regime_sweep,lev1_tensor_regimes,heston_logsv,-0.85,2010,25,0.003968253968253968,4,3000,0.052037859868911296,0.12037891060401763,1.0,0.7675467331890805,-0.8473046428309238,-0.8334429348095918,0.04453925159777017,-0.8333906323670038,-0.8275041435576629,0.6624744075189226,0.01960793100571965,0.2925650841156078,0.016557065190408227,True,284
results/heston_cir/lev1_synthetic_regimes.csv,leverage_regime_sweep,lev1_tensor_regimes,heston_logsv,-0.85,2047,26,0.003968253968253968,4,3000,0.03243295024490548,0.018854555138740268,1.0,0.3806088652064212,-0.8443149429356879,-0.8476297662758259,0.0033437905827382597,-0.8476297662758259,-0.8724533245360332,1.9401036861076468,0.04495339395801483,0.3018484992726526,0.002370233724174109,True,289
results/heston_cir/lev1_synthetic_regimes.csv,leverage_regime_sweep,lev1_tensor_regimes,heston_logsv,-0.85,2084,27,0.003968253968253968,4,3000,0.10240300382393093,0.14279637739718357,1.0,3.584992554238502,-0.8532714504900915,-0.8530545833284255,0.06494760408404965,-0.8531355959926596,-0.8545399133820146,-1.7851689887346822,-0.025819125537595394,0.20506834538908997,0.003054583328425564,True,288
results/heston_cir/lev1_synthetic_regimes.csv,leverage_regime_sweep,lev1_tensor_regimes,heston_logsv,-0.85,2121,28,0.003968253968253968,4,3000,0.05156862420386848,0.09045653163186523,4.999219650852997,0.48518996507818457,-0.8145741714599767,-0.8500155620671377,0.02324527869036752,-0.8500155620671378,-1.0188513682384674,2.9239861800298996,0.031699145591013604,0.3444559001236373,1.55620671377088e-05,True,289
results/heston_cir/lev1_synthetic_regimes.csv,leverage_regime_sweep,lev1_tensor_regimes,heston_logsv,-0.85,2158,29,0.003968253968253968,4,3000,0.006511599547417472,0.00196097732761881,1.0,0.26844481402577564,-0.8501628348432384,-0.8566000798282112,0.006529785547528144,-0.8566000798282114,-0.8638116411836796,0.8257606977194589,0.05637273906595946,0.2947606809551225,0.006600079828211203,True,289
