system,tier,seed,run,variant_id,library,R,n_steps,dt,objective_drift_rel_l2,drift_rel_l2,diffusion_rel_l2,b1_rel_l2,b2_rel_l2,a11_rel_l2,a22_rel_l2,a12_rel_l2,a12_cosine,a12_sign_acc,psd_valid_pct,generator_action_error,scope_metric_contract,runtime_sec
spiral_sink_corr,2,9101,0,WG_SINDY_FROZEN,A,16,1600,0.01,0.08197944520585743,0.08197944520585743,0.03896086667232552,0.11885305135415021,0.02593685576783631,0.013276548462903158,0.01805598371389001,0.08506690165255443,1.0,1.0,1.0,0.0797200323156176,drift+tensor+psd,26.02811612500227
coupled_ou,1,9101,0,WG_SINDY_FROZEN,A,16,1600,0.01,0.054234932121401964,0.054234932121401964,0.042102603183081025,0.03697629066588895,0.06601335539779846,0.0051944119812933525,0.00896011814924908,,,,1.0,0.05220154623903532,drift+tensor+psd,26.532384797988925
indep_ou,1,9101,0,WG_SINDY_FROZEN,A,16,1600,0.01,0.0526876640562729,0.0526876640562729,0.017212221180514617,0.05870427469363621,0.046119417403373435,0.018562206738247822,0.009752710607174525,,,,1.0,0.058122164036049064,drift+tensor+psd,26.630183656990994
correlated_ou,1,9101,0,WG_SINDY_FROZEN,A,16,1600,0.01,0.3096209144331688,0.3096209144331688,0.027506202739153184,0.04960194832809159,0.45883255043567495,0.004399059424534335,0.0018197783808866076,0.05500986353483966,0.9999999999999999,1.0,1.0,0.3013445708876389,drift+tensor+psd,26.62404930900084
rotational_ou,2,9101,0,WG_SINDY_FROZEN,A,16,1600,0.01,0.05900978186854921,0.05900978186854921,0.017425678397800595,0.027465251437509962,0.07850711910403185,0.022481686143052463,0.01009367739787792,,,,1.0,0.05768107959751465,drift+tensor+psd,26.865859499026556
double_well_transverse,3,9101,0,WG_SINDY_FROZEN,B,16,1600,0.01,0.1683941035976013,0.1683941035976013,0.016606178967385254,0.25411424934473753,0.08155606460639939,0.02261941100846652,0.006316059327121648,,,,1.0,0.163320076150458,drift+tensor+psd,34.2508149399946
gradient_potential,3,9101,0,WG_SINDY_FROZEN,B,16,1600,0.01,0.25586497548832954,0.25586497548832954,0.01775076244916221,0.2630872740425562,0.25002856832447956,0.024098719860277458,0.007030706660716497,,,,1.0,0.2796113950074651,drift+tensor+psd,35.7249948339886
nongradient_circulation,3,9101,0,WG_SINDY_FROZEN,B,16,1600,0.01,0.24369979880223586,0.24369979880223586,0.03477685211173542,0.2391890803218048,0.24814815003582325,0.04918066674884733,0.0003477121537364103,,,,1.0,0.25090582588547716,drift+tensor+psd,37.458886657026596
heston_logsv,5,9101,0,WG_SINDY_FROZEN,D,16,2600,0.003968253968253968,0.033419550818744675,0.3171788245786954,0.05340909472065005,1.0,0.033419550818744675,0.03925851008123087,0.3080590865763924,0.10144570067718042,0.996563330096406,1.0,1.0,0.3331115248087222,tensor+leverage+b2_variance_drift; b1_log_price_drift_reported_null,30.852257894992363
indep_ou,1,9102,1,WG_SINDY_FROZEN,A,16,1600,0.01,0.058440278035566215,0.058440278035566215,0.029602258344259072,0.07655860397604262,0.02298144304816495,0.020245047207989485,0.0016221898064865512,,,,1.0,0.0487553938465718,drift+tensor+psd,23.67401766401599
correlated_ou,1,9102,1,WG_SINDY_FROZEN,A,16,1600,0.01,0.0852234308293222,0.0852234308293222,0.02028886972145549,0.1080672533249747,0.04909139075946507,0.00032585521756256513,0.013064105121968723,0.03897323676556794,0.9999999999999994,1.0,1.0,0.07665948795090746,drift+tensor+psd,23.016912421997404
diag_multiplicative,4,9101,0,WG_SINDY_FROZEN,A,16,1600,0.01,0.04814956573247828,0.04814956573247828,0.17641863787050893,0.045331659072555174,0.05130414883116232,0.176844098621498,0.15866326540837009,,,,1.0,0.09115812929387943,drift+tensor+psd,33.768829792010365
coupled_ou,1,9102,1,WG_SINDY_FROZEN,A,16,1600,0.01,0.2582235163912392,0.2582235163912392,0.006849964937559287,0.36119864728136397,0.07479333912525943,0.0006463882400804533,0.009665724056410308,,,,1.0,0.23991076234249106,drift+tensor+psd,22.85750790601014
nondiag_cholesky,4,9101,0,WG_SINDY_FROZEN,C,16,1600,0.01,0.15027429763867323,0.15027429763867323,0.06976746734101885,0.06699909450953398,0.22680946307151917,0.02605417302933639,0.0810971761325169,0.6032598601605634,0.8035550938547121,0.8581081081081081,1.0,0.1663831864428512,drift+tensor+psd,34.58524073299486
cir_pair,5,9101,0,WG_SINDY_FROZEN,F,16,2600,0.003968253968253968,0.1206088736562201,0.1206088736562201,0.10393693342131854,0.1044281113221435,0.13410879887751562,0.1045659024188753,0.03497498929389934,0.16148068736661866,0.998420223940924,1.0,1.0,0.14072597351710311,tensor+leverage+CIR_pair_drift,41.342020660988055
spiral_sink_corr,2,9102,1,WG_SINDY_FROZEN,A,16,1600,0.01,0.0991515605334448,0.0991515605334448,0.05762749560278938,0.12078077930445875,0.0776073454592786,0.002184525132969855,0.0744113521540462,0.1041502812176911,0.9960217184329038,1.0,1.0,0.10254514809530571,drift+tensor+psd,12.635102284984896
rotational_ou,2,9102,1,WG_SINDY_FROZEN,A,16,1600,0.01,0.06093372188819368,0.06093372188819368,0.07680908849339084,0.06452989904271657,0.05702292333253299,0.09179380789205309,0.03177041883432788,,,,1.0,0.06774986340063595,drift+tensor+psd,14.010910904995399
double_well_transverse,3,9102,1,WG_SINDY_FROZEN,B,16,1600,0.01,0.24516339178091953,0.24516339178091953,0.01590062332530151,0.32039052569118365,0.18708484720587237,0.015963613590349073,0.004430785540637164,,,,1.0,0.25229170714872956,drift+tensor+psd,27.705481259006774
diag_multiplicative,4,9102,1,WG_SINDY_FROZEN,A,16,1600,0.01,0.1904018173483958,0.1904018173483958,0.06913454416393805,0.08734283063618162,0.27921738274014085,0.023690574256533897,0.10443392544433545,,,,1.0,0.21769620699445325,drift+tensor+psd,25.906769180990523
gradient_potential,3,9102,1,WG_SINDY_FROZEN,B,16,1600,0.01,0.21295808731340513,0.21295808731340513,0.0192518454492504,0.2445337160563675,0.19245665155867772,0.021145744611064162,0.005477385109025807,,,,1.0,0.24271983258102106,drift+tensor+psd,28.472573189006653
heston_sv,5,9101,0,WG_SINDY_FROZEN,E,16,2600,0.003968253968253968,0.1773401215620785,0.9999392050908045,0.08272200354125203,1.0,0.1773401215620785,0.07858407100816052,7160.311096281146,0.034506006755285826,0.9994046124463791,1.0,1.0,901.8677360557054,tensor+leverage+b2_variance_drift; b1_log_price_drift_reported_null,65.36006340099266
nongradient_circulation,3,9102,1,WG_SINDY_FROZEN,B,16,1600,0.01,0.21013313877249593,0.21013313877249593,0.035204948721176396,0.16805284369225815,0.24478177208023838,0.021683317612355025,0.0437636310087116,,,,1.0,0.21993555531773573,drift+tensor+psd,30.286400933982804
nondiag_cholesky,4,9102,1,WG_SINDY_FROZEN,C,16,1600,0.01,0.15765414022050184,0.15765414022050184,0.052306666034858736,0.10117267809846243,0.22584564621818337,0.0388297712692624,0.0666307591419251,0.2493039795855616,0.9814544850890383,1.0,1.0,0.20183350367237202,drift+tensor+psd,28.705745966988616
heston_logsv,5,9102,1,WG_SINDY_FROZEN,D,16,2600,0.003968253968253968,0.02191870745262405,0.21980505788968188,0.04900946787621128,0.7193739106275173,0.02191870745262405,0.03593018057281288,0.34213744386170253,0.06926895953339175,0.9983703125944857,1.0,1.0,0.2562730933916722,tensor+leverage+b2_variance_drift; b1_log_price_drift_reported_null,26.34940498499782
indep_ou,1,9103,2,WG_SINDY_FROZEN,A,16,1600,0.01,0.0809831547458758,0.0809831547458758,0.0073191763756136,0.09151870911994478,0.06927293180323585,0.006333931620441269,0.010468789487492601,,,,1.0,0.08415824398426994,drift+tensor+psd,14.577038536022883
correlated_ou,1,9103,2,WG_SINDY_FROZEN,A,16,1600,0.01,0.07868630020489521,0.07868630020489521,0.06529854895590548,0.0932698764989402,0.06096391962735954,0.010724313719341187,0.04204931953315424,0.12444282313408224,0.9939230611558438,1.0,1.0,0.07676538859913588,drift+tensor+psd,14.465541079000104
rotational_ou,2,9103,2,WG_SINDY_FROZEN,A,16,1600,0.01,0.038149606734593784,0.038149606734593784,0.057011451697768625,0.03337055003812715,0.042337590403251316,0.03742963195151624,0.052051552653760755,,,,1.0,0.041280586272507594,drift+tensor+psd,13.958149301004596
coupled_ou,1,9103,2,WG_SINDY_FROZEN,A,16,1600,0.01,0.08293530976226428,0.08293530976226428,0.050824227931451096,0.07578234852126488,0.09010146430452423,0.032340220490959824,0.020016152124048954,,,,1.0,0.0826428923142557,drift+tensor+psd,14.592312464024872
spiral_sink_corr,2,9103,2,WG_SINDY_FROZEN,A,16,1600,0.01,0.05010423970068211,0.05010423970068211,0.047689357589145866,0.06382360451562069,0.035633430206519004,0.028545059082755845,0.040216374868391386,0.08761235634218739,1.0000000000000002,1.0,1.0,0.0497009281779978,drift+tensor+psd,11.470990172005259
cir_pair,5,9102,1,WG_SINDY_FROZEN,F,16,2600,0.003968253968253968,0.8705075457830205,0.8705075457830205,0.2167105649579118,1.2122289527029866,0.1282735274376039,0.03956807366864316,0.20807227984350898,0.35405996997781464,0.9709869115773849,1.0,1.0,0.7562007363737453,tensor+leverage+CIR_pair_drift,24.553116723021958
double_well_transverse,3,9103,2,WG_SINDY_FROZEN,B,16,1600,0.01,0.11750050354207622,0.11750050354207622,0.03421687876805141,0.10910990540384025,0.1226448594633088,0.012305551780772708,0.02073632766128435,,,,1.0,0.11269345197544949,drift+tensor+psd,18.1125111389847
heston_sv,5,9102,1,WG_SINDY_FROZEN,E,16,2600,0.003968253968253968,0.00639400905367263,0.3288612530638778,0.10343454658881042,0.32887615720685676,0.00639400905367263,0.09953988387521953,11750.550706101409,0.15413850638951807,0.9907698858971888,1.0,1.0,1407.4393633014865,tensor+leverage+b2_variance_drift; b1_log_price_drift_reported_null,46.89234038698487
gradient_potential,3,9103,2,WG_SINDY_FROZEN,B,16,1600,0.01,0.23870080882720274,0.23870080882720274,0.032676329683408396,0.3199125893976296,0.1489676822245869,0.0017154102836164054,0.012432296041837045,,,,1.0,0.22520397225648514,drift+tensor+psd,18.712420021998696
nongradient_circulation,3,9103,2,WG_SINDY_FROZEN,B,16,1600,0.01,0.2190089689503873,0.2190089689503873,0.0020912586394999356,0.15908132519020418,0.26540339200069224,0.00294359457423682,0.00028631517090402296,,,,1.0,0.24164944526316087,drift+tensor+psd,20.159510522993514
diag_multiplicative,4,9103,2,WG_SINDY_FROZEN,A,16,1600,0.01,0.07597149527803461,0.07597149527803461,0.16877893365918442,0.09055818239647222,0.05431215502305797,0.1976196216014068,0.1143239974733359,,,,1.0,0.10352502828068584,drift+tensor+psd,18.63494697099668
nondiag_cholesky,4,9103,2,WG_SINDY_FROZEN,C,16,1600,0.01,0.07148181427129637,0.07148181427129637,0.0775137699418047,0.08628463438524145,0.038456612369934015,0.019415786198387623,0.1347510774365884,0.31168996450183695,0.9853736254805165,1.0,1.0,0.08057664228346081,drift+tensor+psd,20.001093998987926
heston_logsv,5,9103,2,WG_SINDY_FROZEN,D,16,2600,0.003968253968253968,0.14013247855142366,0.8295864487274542,0.0393290128311174,2.3061808775416504,0.14013247855142366,0.03004039464708538,0.2841693219719745,0.039791351230853755,0.9992524811199818,1.0,1.0,0.7418118428242942,tensor+leverage+b2_variance_drift; b1_log_price_drift_reported_null,17.903558273013914
indep_ou,1,9104,3,WG_SINDY_FROZEN,A,16,1600,0.01,0.22265007623340918,0.22265007623340918,0.028584319600830597,0.30414605368888886,0.059634081408532776,0.031227791171330566,0.012591239761108364,,,,1.0,0.1950614848463323,drift+tensor+psd,12.781562889984343
correlated_ou,1,9104,3,WG_SINDY_FROZEN,A,16,1600,0.01,0.3244795531562578,0.3244795531562578,0.054412375018116695,0.33185431631858064,0.3169522314480279,0.050805448292086886,0.008319246563248495,0.07971525394248036,1.0000000000000002,1.0,1.0,0.3297302452973925,drift+tensor+psd,11.50316434801789
coupled_ou,1,9104,3,WG_SINDY_FROZEN,A,16,1600,0.01,0.2056241949811876,0.2056241949811876,0.0448390727445763,0.25648650544764445,0.13572421768838044,0.0006652110653280052,0.040105079182467425,,,,1.0,0.1972704857113743,drift+tensor+psd,11.434287273994414
rotational_ou,2,9104,3,WG_SINDY_FROZEN,A,16,1600,0.01,0.05569981839125781,0.05569981839125781,0.03706542898315304,0.05301247303165226,0.05835311553362422,0.010441058506680099,0.0374908962379601,,,,1.0,0.0598880770235967,drift+tensor+psd,11.280890600988641
spiral_sink_corr,2,9104,3,WG_SINDY_FROZEN,A,16,1600,0.01,0.09177140337813548,0.09177140337813548,0.034881234500815685,0.11137888048405856,0.07251445695930914,0.015219387745845418,0.019144052681053198,0.07337104345599184,1.0000000000000004,1.0,1.0,0.09018423885793925,drift+tensor+psd,10.974133266980061
cir_pair,5,9103,2,WG_SINDY_FROZEN,F,16,2600,0.003968253968253968,0.68113218503474,0.68113218503474,0.10537795733831085,0.5080434274730812,0.8705171671651516,0.09464218445612423,0.13858474878196345,0.059908310389796965,0.9985932397902497,1.0,1.0,0.7300361291400078,tensor+leverage+CIR_pair_drift,23.080426150001585
double_well_transverse,3,9104,3,WG_SINDY_FROZEN,B,16,1600,0.01,0.4088798024475077,0.4088798024475077,0.01931749425436131,0.31015622424655237,0.462022387147783,0.00529016131287029,0.02680196563348247,,,,1.0,0.4486678680839492,drift+tensor+psd,17.5929258929973
heston_sv,5,9103,2,WG_SINDY_FROZEN,E,16,2600,0.003968253968253968,0.1485462439958825,3.3476710878129348,0.038109937738098225,3.347779711238782,0.1485462439958825,0.027967688254205758,11599.281128058941,0.11776388601224178,0.9937036032282993,1.0,1.0,1714.7355847950494,tensor+leverage+b2_variance_drift; b1_log_price_drift_reported_null,40.964766026998404
gradient_potential,3,9104,3,WG_SINDY_FROZEN,B,16,1600,0.01,0.3674479013941699,0.3674479013941699,0.02834353162438048,0.4048216965943982,0.3344389041144256,0.007684647866640977,0.021015601224333155,,,,1.0,0.38106863363897014,drift+tensor+psd,18.414773096999852
nongradient_circulation,3,9104,3,WG_SINDY_FROZEN,B,16,1600,0.01,0.2892932513175559,0.2892932513175559,0.0174858775411207,0.28525368055927103,0.29330353255135155,0.0012125791891305384,0.02469901776338942,,,,1.0,0.3060399288989365,drift+tensor+psd,20.141892745014047
diag_multiplicative,4,9104,3,WG_SINDY_FROZEN,A,16,1600,0.01,0.2789584755103253,0.2789584755103253,0.1066365632908981,0.36597410116405416,0.05986132172967922,0.09858614331945745,0.11740949353109549,,,,1.0,0.25226279951916103,drift+tensor+psd,18.271383717976278
nondiag_cholesky,4,9104,3,WG_SINDY_FROZEN,C,16,1600,0.01,0.2790410921393734,0.2790410921393734,0.08015649623193194,0.3447200171957631,0.07174485127524814,0.0764518367817746,0.06345022884560915,0.4568599185759486,0.8945147944162851,0.959731543624161,1.0,0.2358101350664598,drift+tensor+psd,18.53043673900538
heston_logsv,5,9104,3,WG_SINDY_FROZEN,D,16,2600,0.003968253968253968,0.05774948959697824,0.2670945078455807,0.08827038343353259,0.758731179257574,0.05774948959697824,0.08304075367617206,0.3499832274920942,0.08576585076413157,0.9965393123378404,1.0,1.0,0.3149927642866809,tensor+leverage+b2_variance_drift; b1_log_price_drift_reported_null,18.526359320007032
indep_ou,1,9105,4,WG_SINDY_FROZEN,A,16,1600,0.01,0.17483731525680193,0.17483731525680193,0.03541267555896542,0.1104014270181277,0.22129262037586625,0.02893408542698222,0.0018882777850535728,,,,1.0,0.1856450601860596,drift+tensor+psd,12.508284660987556
correlated_ou,1,9105,4,WG_SINDY_FROZEN,A,16,1600,0.01,0.1607925542517554,0.1607925542517554,0.043440134172700054,0.0931471442383563,0.21131683286943811,0.022835787501832457,0.012455753182811013,0.07993742864507934,1.0000000000000002,1.0,1.0,0.1504608454470931,drift+tensor+psd,12.504852990998188
coupled_ou,1,9105,4,WG_SINDY_FROZEN,A,16,1600,0.01,0.3166216890321089,0.3166216890321089,0.024365971572329132,0.19905265150281534,0.3956363314540808,0.033712479594883216,0.007132311048439033,,,,1.0,0.3177386247521029,drift+tensor+psd,11.455983171996195
rotational_ou,2,9105,4,WG_SINDY_FROZEN,A,16,1600,0.01,0.07806048321553254,0.07806048321553254,0.025667931820633906,0.08640133089470226,0.06869037685492907,0.03009819041547479,0.02029247105729715,,,,1.0,0.09027349967532608,drift+tensor+psd,11.015635350020602
spiral_sink_corr,2,9105,4,WG_SINDY_FROZEN,A,16,1600,0.01,0.07469106530710344,0.07469106530710344,0.04902921713755232,0.07953583289920292,0.07060009427066807,0.03830431130807199,0.027960660477228422,0.08606462797300553,1.0000000000000002,1.0,1.0,0.08561236835888149,drift+tensor+psd,10.787730857991846
cir_pair,5,9104,3,WG_SINDY_FROZEN,F,16,2600,0.003968253968253968,0.3272189622631543,0.3272189622631543,0.21153200914289325,0.24619805862932104,0.41385333518025696,0.0718677191744722,0.22756857221045623,0.3233228370230436,0.9768097537689693,1.0,1.0,0.3792861784985696,tensor+leverage+CIR_pair_drift,23.82571013001143
double_well_transverse,3,9105,4,WG_SINDY_FROZEN,B,16,1600,0.01,0.2836596435920363,0.2836596435920363,0.03034799260403806,0.44546441999438874,0.09911402823909761,0.0012219453514759639,0.025342811881933085,,,,1.0,0.2713928070604761,drift+tensor+psd,17.0422325959953
heston_sv,5,9104,3,WG_SINDY_FROZEN,E,16,2600,0.003968253968253968,0.5237802071120324,0.7482753332018273,0.09497110593159666,0.7482836905700015,0.5237802071120324,0.09085832084138733,19826.031418321436,0.5842207223860554,0.9605366198997082,1.0,1.0,2808.5470511020026,tensor+leverage+b2_variance_drift; b1_log_price_drift_reported_null,41.25777662100154
gradient_potential,3,9105,4,WG_SINDY_FROZEN,B,16,1600,0.01,0.2748141706583013,0.2748141706583013,0.008949083858617287,0.33127998363436456,0.22140975893318401,0.01262380040907183,0.0009010366524436423,,,,1.0,0.26440420550266924,drift+tensor+psd,19.392182266979944
nongradient_circulation,3,9105,4,WG_SINDY_FROZEN,B,16,1600,0.01,0.19508809866085935,0.19508809866085935,0.022922281178227255,0.2520263869294553,0.1119467743900303,0.0103029896106429,0.0012075599009727567,,,,1.0,0.18144488012577636,drift+tensor+psd,19.884875464980723
diag_multiplicative,4,9105,4,WG_SINDY_FROZEN,A,16,1600,0.01,0.266252244728069,0.266252244728069,0.13722024232775387,0.10823593587068182,0.3756224226087501,0.11355819668188971,0.14852201215103777,,,,1.0,0.28130802254517767,drift+tensor+psd,17.79007856998942
nondiag_cholesky,4,9105,4,WG_SINDY_FROZEN,C,16,1600,0.01,0.2718683791531579,0.2718683791531579,0.08666369951234998,0.30745347978108944,0.20504987428834906,0.08792040677560432,0.08201174427872293,0.13638707817845178,0.9913051183849556,1.0,1.0,0.30619170049813993,drift+tensor+psd,18.627577002014732
heston_logsv,5,9105,4,WG_SINDY_FROZEN,D,16,2600,0.003968253968253968,0.22501537733893884,0.3969018027874017,0.034575957900341944,1.4048365079803993,0.22501537733893884,0.0258052052708352,0.2450828811406889,0.04346252868312969,0.9994664722882128,1.0,1.0,0.5552846580342639,tensor+leverage+b2_variance_drift; b1_log_price_drift_reported_null,17.80882150999969
indep_ou,1,9106,5,WG_SINDY_FROZEN,A,16,1600,0.01,0.11464057745902466,0.11464057745902466,0.05042252883026797,0.0750265559375413,0.14352697251251895,0.04689352084660252,0.031491695650159655,,,,1.0,0.12214057411152432,drift+tensor+psd,12.896067356981803
correlated_ou,1,9106,5,WG_SINDY_FROZEN,A,16,1600,0.01,0.09553914996814156,0.09553914996814156,0.048483532033057906,0.11392085895811307,0.07239916651856712,0.034170583999059256,0.0007164083926368064,0.08370777995472259,0.9999999999999997,1.0,1.0,0.09919096551422014,drift+tensor+psd,12.653827959991759
rotational_ou,2,9106,5,WG_SINDY_FROZEN,A,16,1600,0.01,0.07387807436412311,0.07387807436412311,0.03816332099385818,0.04755389143098216,0.09088257682283976,0.04368688671373034,0.031691230140564186,,,,1.0,0.07607735584167191,drift+tensor+psd,12.054519678989891
coupled_ou,1,9106,5,WG_SINDY_FROZEN,A,16,1600,0.01,0.19284523840021728,0.19284523840021728,0.02594936296060172,0.14446176163506322,0.23241779587905576,0.006676550227922748,0.0223052769122296,,,,1.0,0.21105030652477597,drift+tensor+psd,13.180875554011436
spiral_sink_corr,2,9106,5,WG_SINDY_FROZEN,A,16,1600,0.01,0.12470114824490221,0.12470114824490221,0.04240020832617713,0.17123383031479886,0.06163304131461347,0.02791247973814193,0.010012164826311145,0.08458113729004846,1.0000000000000002,1.0,1.0,0.1359118200892001,drift+tensor+psd,12.158499614015454
cir_pair,5,9105,4,WG_SINDY_FROZEN,F,16,2600,0.003968253968253968,0.6828537149390274,0.6828537149390274,0.0717120373299054,0.32703649529702933,0.9568296073952356,0.033105234743647245,0.1017590613181547,0.06647238266648513,1.0,1.0,1.0,0.6945432406306454,tensor+leverage+CIR_pair_drift,23.039492885000072
double_well_transverse,3,9106,5,WG_SINDY_FROZEN,B,16,1600,0.01,0.2412199948048599,0.2412199948048599,0.037923777027265924,0.12994928556061727,0.29269030673995655,0.013804896026887644,0.014623717615849864,,,,1.0,0.2504883597167102,drift+tensor+psd,17.65130508301081
gradient_potential,3,9106,5,WG_SINDY_FROZEN,B,16,1600,0.01,0.253534697330555,0.253534697330555,0.0367567955233615,0.2582994298654314,0.24969968965432726,0.009038891682647618,0.03936829795020042,,,,1.0,0.27696149636250866,drift+tensor+psd,18.481509495992213
diag_multiplicative,4,9106,5,WG_SINDY_FROZEN,A,16,1600,0.01,0.13932693780893782,0.13932693780893782,0.1035675132450052,0.0680173347089089,0.19779509466869197,0.11798543863995938,0.07809582779116804,,,,1.0,0.15026168951175273,drift+tensor+psd,16.873999482981162
nondiag_cholesky,4,9106,5,WG_SINDY_FROZEN,C,16,1600,0.01,0.1261067159289899,0.1261067159289899,0.10048368429105903,0.08051312707715519,0.176842297391704,0.08849654082562254,0.12217372243415998,0.2094077939734158,0.99155332540196,1.0,1.0,0.14318435775500643,drift+tensor+psd,17.492733573017176
nongradient_circulation,3,9106,5,WG_SINDY_FROZEN,B,16,1600,0.01,0.285077940606232,0.285077940606232,0.03698808310791393,0.3182732522256281,0.24642095822942647,0.04492772692485758,0.01774850845215062,,,,1.0,0.3094650327160612,drift+tensor+psd,18.932576324004913
heston_sv,5,9105,4,WG_SINDY_FROZEN,E,16,2600,0.003968253968253968,0.30993771136650833,1.6519265467671413,0.20438087391336285,1.6519817908452172,0.30993771136650833,0.20214573212099582,27379.495744373893,0.4588887118330586,0.9616510777495397,1.0,1.0,2307.9213035557286,tensor+leverage+b2_variance_drift; b1_log_price_drift_reported_null,48.108522839000216
heston_logsv,5,9106,5,WG_SINDY_FROZEN,D,16,2600,0.003968253968253968,0.14640205695633438,0.5259541993804155,0.061297629604070335,1.6333056174491156,0.14640205695633438,0.05625152007569035,0.29136582216199347,0.05399360769167329,0.9992421903993733,1.0,1.0,0.6426048534867566,tensor+leverage+b2_variance_drift; b1_log_price_drift_reported_null,16.806768572016153
indep_ou,1,9107,6,WG_SINDY_FROZEN,A,16,1600,0.01,0.060799690764843636,0.060799690764843636,0.02076674708448801,0.060939632891488224,0.060658544272179524,0.014315781566239505,0.013186766497643108,,,,1.0,0.06537571070565146,drift+tensor+psd,11.026293959992472
correlated_ou,1,9107,6,WG_SINDY_FROZEN,A,16,1600,0.01,0.49524531048791914,0.49524531048791914,0.024831285789600407,0.6950535518904399,0.04531798587681217,0.01890272675266968,0.0336676275000702,0.026828798464256794,0.9999999999999997,1.0,1.0,0.4154760564274535,drift+tensor+psd,10.717948917998001
heston_sv,5,9106,5,WG_SINDY_FROZEN,E,16,2600,0.003968253968253968,0.4466507694992975,0.29855347347239586,0.04554336211641949,0.2985324168139103,0.4466507694992975,0.03738901138890452,8278.928429610347,0.12442409168604096,0.9973673180067437,1.0,1.0,1020.2464033851675,tensor+leverage+b2_variance_drift; b1_log_price_drift_reported_null,27.04119527799776
coupled_ou,1,9107,6,WG_SINDY_FROZEN,A,16,1600,0.01,0.2983283627757768,0.2983283627757768,0.028455331958652613,0.03506844707939063,0.41513997496341587,0.000194569971884989,0.02950668041037224,,,,1.0,0.2575033712980031,drift+tensor+psd,10.737859290995402
rotational_ou,2,9107,6,WG_SINDY_FROZEN,A,16,1600,0.01,0.02323581990981292,0.02323581990981292,0.04669193624175133,0.02195084838293462,0.02447238739393669,0.06599675250434789,0.0021685199762496716,,,,1.0,0.02504581051896032,drift+tensor+psd,11.467580819997238
spiral_sink_corr,2,9107,6,WG_SINDY_FROZEN,A,16,1600,0.01,0.0377552440092888,0.0377552440092888,0.0358698056145864,0.043226315471542966,0.03273563750224184,0.016486963831248706,0.014523168121953822,0.076386432414003,1.0000000000000002,1.0,1.0,0.04006714603301238,drift+tensor+psd,11.111544448009226
cir_pair,5,9106,5,WG_SINDY_FROZEN,F,16,2600,0.003968253968253968,0.5084540935054996,0.5084540935054996,0.0692362237231841,0.6659699859475239,0.3247455037138188,0.06226656975861437,0.05103036747661802,0.09926356140992071,0.9990937983935155,1.0,1.0,0.5340668545884992,tensor+leverage+CIR_pair_drift,20.26119525800459
double_well_transverse,3,9107,6,WG_SINDY_FROZEN,B,16,1600,0.01,0.09247373989702731,0.09247373989702731,0.029002839448659178,0.14332533073121131,0.03686851718644547,0.006060419387528049,0.030356138764406314,,,,1.0,0.08515145285998951,drift+tensor+psd,15.753894035995472
gradient_potential,3,9107,6,WG_SINDY_FROZEN,B,16,1600,0.01,0.21710441524999166,0.21710441524999166,0.021556164627611007,0.2361478592374102,0.20146673467775136,0.0101602551864203,0.014502081252172316,,,,1.0,0.23776568642651652,drift+tensor+psd,17.900806991994614
heston_logsv,5,9107,6,WG_SINDY_FROZEN,D,16,2600,0.003968253968253968,0.6297045433893953,1.2672601581319434,0.05364567498146235,3.292151757963876,0.6297045433893953,0.047038185026562394,0.23167506742990115,0.07883815703189734,0.9994592810718729,1.0,1.0,1.453538801665838,tensor+leverage+b2_variance_drift; b1_log_price_drift_reported_null,14.735127218009438
diag_multiplicative,4,9107,6,WG_SINDY_FROZEN,A,16,1600,0.01,0.20954569995684047,0.20954569995684047,0.0741538869413328,0.18358870670458804,0.23848235589965142,0.06651477545136585,0.07005476404872653,,,,1.0,0.21961755860700993,drift+tensor+psd,16.670633364992682
nondiag_cholesky,4,9107,6,WG_SINDY_FROZEN,C,16,1600,0.01,0.2850105260741278,0.2850105260741278,0.054906308055583254,0.16713013993880252,0.40670259032276745,0.04781790186789223,0.06921222151743107,0.07052811851002246,0.9975333887360289,1.0,1.0,0.3497816998848474,drift+tensor+psd,17.033328360994346
nongradient_circulation,3,9107,6,WG_SINDY_FROZEN,B,16,1600,0.01,0.272185672750194,0.272185672750194,0.012052743630768557,0.2865357505807011,0.25648803108043816,0.0021435206637034506,0.01690983670004948,,,,1.0,0.30779226005645133,drift+tensor+psd,18.656436297984328
indep_ou,1,9108,7,WG_SINDY_FROZEN,A,16,1600,0.01,0.22449759944420714,0.22449759944420714,0.04077041390109789,0.30265368886572946,0.08202858291657988,0.03537249297223266,0.014520628433533689,,,,1.0,0.19767512640575996,drift+tensor+psd,11.786147849983536
cir_pair,5,9107,6,WG_SINDY_FROZEN,F,16,2600,0.003968253968253968,0.32837044720050174,0.32837044720050174,0.12621258807069743,0.37306048360805993,0.2697255708168717,0.034685187487769734,0.04086284386865426,0.24855004026077232,0.9919988545755972,1.0,1.0,0.37271673198474475,tensor+leverage+CIR_pair_drift,20.79435146698961
correlated_ou,1,9108,7,WG_SINDY_FROZEN,A,16,1600,0.01,0.4521874203557618,0.4521874203557618,0.05618995171495584,0.5454765108659418,0.3257596096451017,0.03817103648350961,0.01866305053938553,0.09666462714455612,0.9999999999999997,1.0,1.0,0.4353310770720258,drift+tensor+psd,9.75823909198516
coupled_ou,1,9108,7,WG_SINDY_FROZEN,A,16,1600,0.01,0.2215224716644733,0.2215224716644733,0.05107512759596429,0.301406807304508,0.08841421589380558,0.04475617874025528,0.0036376637105648537,,,,1.0,0.2180006013921249,drift+tensor+psd,9.787271267996402
rotational_ou,2,9108,7,WG_SINDY_FROZEN,A,16,1600,0.01,0.05410903982554662,0.05410903982554662,0.05296526261308196,0.06826910532634192,0.03448729507557198,0.02925912414916691,0.025709384346550655,,,,1.0,0.05743405637756314,drift+tensor+psd,9.84642123800586
spiral_sink_corr,2,9108,7,WG_SINDY_FROZEN,A,16,1600,0.01,0.08780732513779527,0.08780732513779527,0.044757119269487,0.10252246455989691,0.07371411507538315,0.02681257169857332,0.020148029420349874,0.0897835235845841,1.0000000000000004,1.0,1.0,0.09246140268100021,drift+tensor+psd,10.11757551197661
double_well_transverse,3,9108,7,WG_SINDY_FROZEN,B,16,1600,0.01,0.3613729957493046,0.3613729957493046,0.0064272078605688895,0.1144742283162109,0.45242855046145825,0.0069450241226747585,0.005863841889186879,,,,1.0,0.35234776057297246,drift+tensor+psd,14.289932041981956
gradient_potential,3,9108,7,WG_SINDY_FROZEN,B,16,1600,0.01,0.19612811636535302,0.19612811636535302,0.03220793813705047,0.25154429270168743,0.14961928808064232,0.009243993675949483,0.008877887731043347,,,,1.0,0.2018617388739788,drift+tensor+psd,16.489780660020187
heston_sv,5,9107,6,WG_SINDY_FROZEN,E,16,2600,0.003968253968253968,0.3806226946428075,0.35581318711174154,0.2128115605947081,0.3558121674120429,0.3806226946428075,0.21171613639133255,16875.569877638543,0.19448934309929963,0.9916363765578027,1.0,1.0,2355.4437052290236,tensor+leverage+b2_variance_drift; b1_log_price_drift_reported_null,40.632501952990424
diag_multiplicative,4,9108,7,WG_SINDY_FROZEN,A,16,1600,0.01,0.23554504194300005,0.23554504194300005,0.10005911248179532,0.30313375060167924,0.052483419854185434,0.11658413884893737,0.03854295884844898,,,,1.0,0.19818261594544612,drift+tensor+psd,16.501136521023
heston_logsv,5,9108,7,WG_SINDY_FROZEN,D,16,2600,0.003968253968253968,0.35974184362146455,0.49736383467567424,0.04954300036900214,1.3034443564989209,0.35974184362146455,0.04113454184478745,0.2980957657617339,0.05724676764089504,0.998381619224985,1.0,1.0,0.611776600060731,tensor+leverage+b2_variance_drift; b1_log_price_drift_reported_null,14.91898032600875
nongradient_circulation,3,9108,7,WG_SINDY_FROZEN,B,16,1600,0.01,0.2348127692434301,0.2348127692434301,0.024916562075196737,0.17663158257805633,0.28133145861699616,0.007942421426641793,0.004166567447345028,,,,1.0,0.2631572968598611,drift+tensor+psd,18.751685694005573
nondiag_cholesky,4,9108,7,WG_SINDY_FROZEN,C,16,1600,0.01,0.24383330392656238,0.24383330392656238,0.09406660007469274,0.24411175062239346,0.24334170125695406,0.08958293542671127,0.10377019238419409,0.12692295596587352,0.9961995461118236,1.0,1.0,0.2776221945317632,drift+tensor+psd,17.242963993019657
indep_ou,1,9109,8,WG_SINDY_FROZEN,A,16,1600,0.01,0.14694579375044228,0.14694579375044228,0.0383155076259065,0.06878928944682004,0.19663182920527966,0.040122310511247934,0.0007830807999353484,,,,1.0,0.1482780674420981,drift+tensor+psd,11.242031103989575
cir_pair,5,9108,7,WG_SINDY_FROZEN,F,16,2600,0.003968253968253968,0.4582493681828852,0.4582493681828852,0.3079991169416107,0.17430900181143333,0.6248893909652609,0.01876648202998885,0.3410458660485796,0.45907916463514353,0.9374906339774751,1.0,1.0,0.43657572452590454,tensor+leverage+CIR_pair_drift,18.712580380000873
correlated_ou,1,9109,8,WG_SINDY_FROZEN,A,16,1600,0.01,0.11030862124801952,0.11030862124801952,0.07062920150668953,0.1276591966935768,0.09183993438673492,0.06305077087468991,0.018147595559238165,0.10643534951457759,1.0,1.0,1.0,0.11635779707344937,drift+tensor+psd,9.859494200005429
coupled_ou,1,9109,8,WG_SINDY_FROZEN,A,16,1600,0.01,0.23955337310580493,0.23955337310580493,0.01742594700977934,0.0249173675380024,0.3515479822143969,0.006227156451833694,0.023844281932984705,,,,1.0,0.21733660983517974,drift+tensor+psd,10.02883915300481
rotational_ou,2,9109,8,WG_SINDY_FROZEN,A,16,1600,0.01,0.0730183000133784,0.0730183000133784,0.03619091356708926,0.038010951956514105,0.09628403291672048,0.015240778672887333,0.041429491694034086,,,,1.0,0.07760602798560531,drift+tensor+psd,9.566080933000194
spiral_sink_corr,2,9109,8,WG_SINDY_FROZEN,A,16,1600,0.01,0.06949130346447907,0.06949130346447907,0.04260195552111961,0.08017368699162952,0.060042608229203015,0.03624549805973576,0.01846630070976261,0.07257938749842635,1.0000000000000002,1.0,1.0,0.07638225989455735,drift+tensor+psd,10.448519733996363
double_well_transverse,3,9109,8,WG_SINDY_FROZEN,B,16,1600,0.01,0.1920814929016823,0.1920814929016823,0.004850300574456458,0.24501305267350718,0.15057506612878174,0.006859210188394118,4.546335420578898e-05,,,,1.0,0.1864750345661459,drift+tensor+psd,13.771149303996935
heston_sv,5,9108,7,WG_SINDY_FROZEN,E,16,2600,0.003968253968253968,1.151449339861435,0.05909490478359254,0.05360244663908691,0.05827727171809255,1.151449339861435,0.04652383350498921,16495.23690454485,0.03419347056895881,0.9995625258560854,1.0,1.0,1720.0385597176773,tensor+leverage+b2_variance_drift; b1_log_price_drift_reported_null,36.190762485028245
gradient_potential,3,9109,8,WG_SINDY_FROZEN,B,16,1600,0.01,0.282169382520219,0.282169382520219,0.01797469192536967,0.3706704245244541,0.20770672942042925,0.009713120649240117,0.02349115550323578,,,,1.0,0.2864284762552252,drift+tensor+psd,16.339124410005752
diag_multiplicative,4,9109,8,WG_SINDY_FROZEN,A,16,1600,0.01,0.22230648699971423,0.22230648699971423,0.12095883402763785,0.06174094774306484,0.3245636451660838,0.11029690759752274,0.13498943479121225,,,,1.0,0.22626608536611834,drift+tensor+psd,15.21634401800111
nongradient_circulation,3,9109,8,WG_SINDY_FROZEN,B,16,1600,0.01,0.28696360562975326,0.28696360562975326,0.025060800097002907,0.2887423363806753,0.2851606929582417,0.015291055161568555,0.016932261364325095,,,,1.0,0.31398426040441596,drift+tensor+psd,16.724221634009155
nondiag_cholesky,4,9109,8,WG_SINDY_FROZEN,C,16,1600,0.01,0.33922888037778826,0.33922888037778826,0.08432198269344136,0.3610283674410276,0.30240524257150625,0.08653880029268568,0.07631443114176538,0.15083408701890325,0.9968556764424584,1.0,1.0,0.38920281603889056,drift+tensor+psd,15.737150549015496
heston_logsv,5,9109,8,WG_SINDY_FROZEN,D,16,2600,0.003968253968253968,0.01950716231530195,0.27228362945587664,0.05680066121438794,0.9825812638587659,0.01950716231530195,0.04997129789726913,0.3227705866078433,0.04540909378100677,0.9989789790753087,1.0,1.0,0.3227317909705953,tensor+leverage+b2_variance_drift; b1_log_price_drift_reported_null,15.772647826990578
indep_ou,1,9110,9,WG_SINDY_FROZEN,A,16,1600,0.01,0.04641900425281156,0.04641900425281156,0.06504440366985424,0.026895216255713006,0.058604491767346556,0.05857604354916082,0.05315512749128484,,,,1.0,0.06032589116807428,drift+tensor+psd,10.639041601010831
cir_pair,5,9109,8,WG_SINDY_FROZEN,F,16,2600,0.003968253968253968,0.11868331324250321,0.11868331324250321,0.2906429510328842,0.16136656044926026,0.07273143971114031,0.017875437434886517,0.28887119913513887,0.454703770206815,0.9520119076428438,1.0,1.0,0.1450433169419967,tensor+leverage+CIR_pair_drift,18.356107274012174
correlated_ou,1,9110,9,WG_SINDY_FROZEN,A,16,1600,0.01,0.016133948675136036,0.016133948675136036,0.06773370750639757,0.020458385741467907,0.009134039745723943,0.02945917444194612,0.03365672040782849,0.12542719286655035,0.9999999999999999,1.0,1.0,0.025893838258030287,drift+tensor+psd,11.997055954008829
coupled_ou,1,9110,9,WG_SINDY_FROZEN,A,16,1600,0.01,0.11339380452414105,0.11339380452414105,0.02762063419254926,0.030404814678187647,0.1578003386213921,0.009514450220512073,0.013847982152593568,,,,1.0,0.10110069291627868,drift+tensor+psd,11.64813666799455
rotational_ou,2,9110,9,WG_SINDY_FROZEN,A,16,1600,0.01,0.056289545309521495,0.056289545309521495,0.01673363677137834,0.047954272686207666,0.06352327007765061,0.005615599378573146,0.02298900264935866,,,,1.0,0.06366350811673298,drift+tensor+psd,11.408473101007985
spiral_sink_corr,2,9110,9,WG_SINDY_FROZEN,A,16,1600,0.01,0.0542865080184121,0.0542865080184121,0.03202564952160871,0.07822387640147797,0.02081276455362536,0.0091963701558031,0.014315865636884553,0.07083061895738121,1.0,1.0,1.0,0.05232839085005282,drift+tensor+psd,11.206447945995023
double_well_transverse,3,9110,9,WG_SINDY_FROZEN,B,16,1600,0.01,0.2113569861006434,0.2113569861006434,0.05056853666043657,0.19995338529005463,0.2189090132541988,0.034676180000174674,0.03797659046781402,,,,1.0,0.23025350447609041,drift+tensor+psd,16.912150605989154
gradient_potential,3,9110,9,WG_SINDY_FROZEN,B,16,1600,0.01,0.22560252381982232,0.22560252381982232,0.02574968298037202,0.3144065986162822,0.09950275428980992,0.03556285343302582,0.007834271049717692,,,,1.0,0.19955805516875005,drift+tensor+psd,17.447616449004272
diag_multiplicative,4,9110,9,WG_SINDY_FROZEN,A,16,1600,0.01,0.08623985450002532,0.08623985450002532,0.11701342221285564,0.018582832641414956,0.11782090815457272,0.1327604785911627,0.04628328851172726,,,,1.0,0.09522818292264486,drift+tensor+psd,17.768219735997263
heston_sv,5,9109,8,WG_SINDY_FROZEN,E,16,2600,0.003968253968253968,0.02352439243300698,6.203747048138982,0.04246103687053161,6.204068107046483,0.02352439243300698,0.033483934714768154,11514.024024585942,0.03125521442789381,0.9995147246602435,1.0,1.0,1209.2066791272255,tensor+leverage+b2_variance_drift; b1_log_price_drift_reported_null,42.58804776502075
nongradient_circulation,3,9110,9,WG_SINDY_FROZEN,B,16,1600,0.01,0.21977946536847567,0.21977946536847567,0.019732366280042563,0.2161992051084242,0.22325751406866312,0.012769021436230831,0.01338416077462932,,,,1.0,0.24195109237577514,drift+tensor+psd,19.627543123002397
nondiag_cholesky,4,9110,9,WG_SINDY_FROZEN,C,16,1600,0.01,0.16469110687375238,0.16469110687375238,0.0722537199510198,0.015234332423339826,0.2442594660158345,0.06946997499804178,0.05738158891898098,0.3487328947884337,0.9711859003054482,1.0,1.0,0.17055059742134748,drift+tensor+psd,17.889386333001312
heston_logsv,5,9110,9,WG_SINDY_FROZEN,D,16,2600,0.003968253968253968,0.2317438789238753,0.8115659291039743,0.07168894066592986,2.517741090989404,0.2317438789238753,0.067746423375153,0.2716981705755208,0.07108232733063938,0.9981705298997136,1.0,1.0,1.144952306504388,tensor+leverage+b2_variance_drift; b1_log_price_drift_reported_null,16.69860400399193
cir_pair,5,9110,9,WG_SINDY_FROZEN,F,16,2600,0.003968253968253968,0.19232933831400714,0.19232933831400714,0.05899215663207588,0.18743672115053348,0.19863708679769,0.015350314209216155,0.07694875737293722,0.07478397457670907,0.9984862227362998,1.0,1.0,0.188843169560665,tensor+leverage+CIR_pair_drift,14.216668080014642
heston_sv,5,9110,9,WG_SINDY_FROZEN,E,16,2600,0.003968253968253968,0.23541940743740575,1.3747852029223397,0.17552102344258472,1.3748269843127092,0.23541940743740575,0.1732503260522466,17510.65692863464,0.38000256091100465,0.9918619447001658,1.0,1.0,2145.8500816299575,tensor+leverage+b2_variance_drift; b1_log_price_drift_reported_null,26.04989146499429
