system,seed,stat,true_value,recovered_value,abs_error
spiral_sink_corr,9101,mean_x,-0.015467086747143659,-0.008150410563422172,0.007316676183721487
spiral_sink_corr,9101,var_x,0.5376403480594103,0.42351820704305004,0.11412214101636026
spiral_sink_corr,9101,acf_x_lag1,0.9903434555016442,0.9891574435494632,0.001186011952180932
spiral_sink_corr,9101,mean_y,0.005891241065101549,0.24144532570362043,0.23555408463851887
spiral_sink_corr,9101,var_y,0.30201349609198713,0.2448169444633452,0.05719655162864193
spiral_sink_corr,9101,cov_xy,0.000660521188956221,0.05104250369518293,0.050381982506226705
spiral_sink_corr,9101,acf_y_lag1,0.9890432451622193,0.9861277232722102,0.0029155218900090984
spiral_sink_corr,9101,crosscorr_lag1,0.02176319345314294,0.1775119286017799,0.15574873514863696
coupled_ou,9101,mean_x,0.027474945412206617,0.5517590034355452,0.5242840580233386
coupled_ou,9101,var_x,0.6125271852194121,0.3901307442202005,0.22239644099921158
coupled_ou,9101,acf_x_lag1,0.9916534831717488,0.9874136510927857,0.004239832078963168
coupled_ou,9101,mean_y,-0.001981479996758997,0.5898802206833016,0.5918617006800606
coupled_ou,9101,var_y,0.6789042993892845,0.42742283781299656,0.251481461576288
coupled_ou,9101,cov_xy,0.3159928173168619,0.16452486016957305,0.15146795714728886
coupled_ou,9101,acf_y_lag1,0.9923378302149184,0.9878090676198563,0.004528762595062075
coupled_ou,9101,crosscorr_lag1,0.4900248070611144,0.396159244848524,0.0938655622125904
indep_ou,9101,mean_x,0.014813311765519477,-0.15738044072276863,0.1721937524882881
indep_ou,9101,var_x,0.4990917897307303,0.2815107861526427,0.21758100357808763
indep_ou,9101,acf_x_lag1,0.9897901199629305,0.9834772520905932,0.006312867872337313
indep_ou,9101,mean_y,-0.010855333606929595,-0.14989572893381437,0.13904039532688478
indep_ou,9101,var_y,0.12213912800596408,0.11308890739410697,0.009050220611857104
indep_ou,9101,cov_xy,0.01673177311796906,0.032641260372645045,0.015909487254675985
indep_ou,9101,acf_y_lag1,0.97960705957553,0.9762324934010951,0.0033745661744348787
indep_ou,9101,crosscorr_lag1,0.06787461238053911,0.181766936639284,0.11389232425874489
correlated_ou,9101,mean_x,-0.004251410056203427,0.28323998235473713,0.28749139241094057
correlated_ou,9101,var_x,0.5134937721112751,0.33299997007652943,0.1804938020347457
correlated_ou,9101,acf_x_lag1,0.9900194515179076,0.9860896472093429,0.0039298043085647105
correlated_ou,9101,mean_y,0.016781205951098048,0.11858726705289203,0.101806061101794
correlated_ou,9101,var_y,0.20059961686473368,0.12110929845879394,0.07949031840593974
correlated_ou,9101,cov_xy,-0.1849245437736407,-0.08000937662700525,0.10491516714663546
correlated_ou,9101,acf_y_lag1,0.9838694902411398,0.9723800048233971,0.01148948541774264
correlated_ou,9101,crosscorr_lag1,-0.5668216723669962,-0.38516237230603945,0.18165930006095676
rotational_ou,9101,mean_x,0.01070201265092762,0.028472824123554227,0.01777081147262661
rotational_ou,9101,var_x,0.5115958600435744,0.34527862007274707,0.1663172399708273
rotational_ou,9101,acf_x_lag1,0.9897434767648162,0.9843586955984909,0.0053847811663253475
rotational_ou,9101,mean_y,0.013384493932994464,-0.11962692305042803,0.1330114169834225
rotational_ou,9101,var_y,0.5125010122737558,0.4987205177078114,0.013780494565944379
rotational_ou,9101,cov_xy,-0.022282109194336635,-0.009371668959649268,0.012910440234687367
rotational_ou,9101,acf_y_lag1,0.9897920108563969,0.99037358509077,0.0005815742343731056
rotational_ou,9101,crosscorr_lag1,-0.02413203936269595,0.003976604351838981,0.02810864371453493
double_well_transverse,9101,mean_x,-0.2585753993250025,-0.7934334304831518,0.5348580311581493
double_well_transverse,9101,var_x,0.6707000820979663,0.17434993416837644,0.49635014792958987
double_well_transverse,9101,acf_x_lag1,0.9955717494347517,0.9862935032110488,0.00927824622370288
double_well_transverse,9101,mean_y,-0.11437886772099681,-0.6526085586930875,0.5382296909720907
double_well_transverse,9101,var_y,0.34112849990161115,0.19477323058899323,0.1463552693126179
double_well_transverse,9101,cov_xy,0.174944264104776,0.024609280225333686,0.15033498387944233
double_well_transverse,9101,acf_y_lag1,0.99252203381152,0.986267581796163,0.006254452015357015
double_well_transverse,9101,crosscorr_lag1,0.36916948345305883,0.137223618778411,0.23194586467464784
gradient_potential,9101,mean_x,-0.34676344570269746,-0.9440075467585042,0.5972441010558067
gradient_potential,9101,var_x,0.7075750081879255,0.13669435144488004,0.5708806567430454
gradient_potential,9101,acf_x_lag1,0.995749931933893,0.982425838658551,0.013324093275342008
gradient_potential,9101,mean_y,0.009002048034477073,-0.20108049491176574,0.21008254294624282
gradient_potential,9101,var_y,0.17962316849357024,0.14145678525333646,0.038166383240233775
gradient_potential,9101,cov_xy,0.00011990801257951671,0.017643931008568474,0.017524022995988958
gradient_potential,9101,acf_y_lag1,0.9859950196375578,0.9811061610059973,0.004888858631560411
gradient_potential,9101,crosscorr_lag1,-3.789109592833349e-05,0.12584611825377123,0.12588400934969957
nongradient_circulation,9101,mean_x,-0.1948659795431503,-0.7414781241604541,0.5466121446173038
nongradient_circulation,9101,var_x,0.753739220722924,0.21145623540755273,0.5422829853153712
nongradient_circulation,9101,acf_x_lag1,0.995754219016239,0.9880025400376723,0.007751678978566656
nongradient_circulation,9101,mean_y,-0.03416349856017124,-0.17066772583243672,0.13650422727226547
nongradient_circulation,9101,var_y,0.1900692192542129,0.1499623625018826,0.040106856752330305
nongradient_circulation,9101,cov_xy,0.0036845476206206077,-0.018526510878327636,0.022211058498948243
nongradient_circulation,9101,acf_y_lag1,0.9866592541304746,0.9844314858259415,0.0022277683045330843
nongradient_circulation,9101,crosscorr_lag1,0.016182882048629877,-0.09368573991683325,0.10986862196546313
heston_logsv,9101,mean_x,0.09863852671415799,0.17294897184370056,0.07431044512954257
heston_logsv,9101,var_x,0.11478412325074012,0.022779926924658297,0.09200419632608182
heston_logsv,9101,acf_x_lag1,0.9988969292809987,0.996909807272338,0.001987122008660691
heston_logsv,9101,mean_y,0.04073800536212157,0.04093023750821655,0.00019223214609498385
heston_logsv,9101,var_y,0.0008191659234171433,0.0003514612069362087,0.0004677047164809346
heston_logsv,9101,cov_xy,-0.0022632044723401865,-0.0006991208877398534,0.001564083584600333
heston_logsv,9101,acf_y_lag1,0.9909061757165712,0.9735447294608884,0.01736144625568281
heston_logsv,9101,crosscorr_lag1,-0.2303480139810981,-0.24020946891953024,0.00986145493843213
indep_ou,9102,mean_x,0.025278475849321805,-0.1681162007920026,0.1933946766413244
indep_ou,9102,var_x,0.5099350549153344,0.37562654694673103,0.13430850796860339
indep_ou,9102,acf_x_lag1,0.989975105487105,0.9872668477181676,0.00270825776893735
indep_ou,9102,mean_y,-0.0024645782471074676,0.23199638817517293,0.2344609664222804
indep_ou,9102,var_y,0.11414044249266192,0.062141740106378136,0.051998702386283784
indep_ou,9102,cov_xy,0.01307597040060594,0.009995145583834264,0.0030808248167716757
indep_ou,9102,acf_y_lag1,0.9784687739778934,0.9592496520107591,0.019219121967134378
indep_ou,9102,crosscorr_lag1,0.05402631177749157,0.061494488375134625,0.007468176597643053
correlated_ou,9102,mean_x,-0.020582300064827464,0.026942781381631392,0.04752508144645885
correlated_ou,9102,var_x,0.5190844359707764,0.43737670505672016,0.0817077309140562
correlated_ou,9102,acf_x_lag1,0.9901262083026791,0.9881614372954919,0.0019647710071871716
correlated_ou,9102,mean_y,0.014509765004437165,0.3027997898138574,0.28829002480942023
correlated_ou,9102,var_y,0.19885390697056354,0.12256793587020974,0.0762859711003538
correlated_ou,9102,cov_xy,-0.19569941753347692,-0.16167830063312297,0.03402111690035395
correlated_ou,9102,acf_y_lag1,0.9837794510258632,0.975898789715011,0.007880661310852188
correlated_ou,9102,crosscorr_lag1,-0.6000617696857915,-0.6879941355379159,0.08793236585212438
diag_multiplicative,9101,mean_x,0.012912675282279344,0.18813815521353713,0.17522547993125778
diag_multiplicative,9101,var_x,0.2766105896281718,0.18469786584617992,0.09191272378199189
diag_multiplicative,9101,acf_x_lag1,0.9897815550172657,0.9826283436159899,0.007153211401275783
diag_multiplicative,9101,mean_y,-0.01901855312941271,0.28806665821539623,0.30708521134480893
diag_multiplicative,9101,var_y,0.2197807866305039,0.16202145675238203,0.05775932987812188
diag_multiplicative,9101,cov_xy,0.014949588875603553,0.03708060733581097,0.022131018460207416
diag_multiplicative,9101,acf_y_lag1,0.9892539635626737,0.9821311936563593,0.007122769906314441
diag_multiplicative,9101,crosscorr_lag1,0.061143646778989334,0.2144515231313025,0.15330787635231316
coupled_ou,9102,mean_x,0.032027403163212835,-0.19496636819084634,0.22699377135405918
coupled_ou,9102,var_x,0.6176769159543558,0.5723889994933044,0.04528791646105146
coupled_ou,9102,acf_x_lag1,0.9917505139450223,0.9914532016918094,0.00029731225321294463
coupled_ou,9102,mean_y,0.024082463325053087,-0.7905562135942501,0.8146386769193031
coupled_ou,9102,var_y,0.6924199012087862,0.4137471176841387,0.27867278352464747
coupled_ou,9102,cov_xy,0.350822964904037,0.33955404418073093,0.011268920723306097
coupled_ou,9102,acf_y_lag1,0.9924608871027729,0.987742070255056,0.004718816847716911
coupled_ou,9102,crosscorr_lag1,0.536234506665996,0.6952965605340194,0.1590620538680234
nondiag_cholesky,9101,mean_x,-0.01131071359470444,0.07667479875330337,0.0879855123480078
nondiag_cholesky,9101,var_x,0.13465436167474118,0.07578563786642285,0.05886872380831833
nondiag_cholesky,9101,acf_x_lag1,0.989899237734455,0.9833810756467245,0.0065181620877304836
nondiag_cholesky,9101,mean_y,0.013420451818749079,0.17712180562927154,0.16370135381052248
nondiag_cholesky,9101,var_y,0.0813705297055366,0.055299650902789495,0.026070878802747104
nondiag_cholesky,9101,cov_xy,0.005199003628430834,0.014297924737901573,0.00909892110947074
nondiag_cholesky,9101,acf_y_lag1,0.9892464328591214,0.9823042327745688,0.006942200084552597
nondiag_cholesky,9101,crosscorr_lag1,0.050317911492140495,0.22010001579671934,0.16978210430457885
cir_pair,9101,mean_x,0.03722407039641547,0.04406387985229998,0.006839809455884513
cir_pair,9101,var_x,0.0007573496496468195,0.00039859878359278805,0.0003587508660540314
cir_pair,9101,acf_x_lag1,0.9910831041954964,0.9823599812628729,0.00872312293262345
cir_pair,9101,mean_y,0.04073800536212157,0.03797523062344866,0.00276277473867291
cir_pair,9101,var_y,0.0008191659234171433,0.00034945551779701694,0.00046971040562012633
cir_pair,9101,cov_xy,-0.00039587697287502113,-0.00017061322432584955,0.00022526374854917158
cir_pair,9101,acf_y_lag1,0.9909061757165712,0.9812339244843346,0.009672251232236695
cir_pair,9101,crosscorr_lag1,-0.49803463248779056,-0.44882711310619894,0.049207519381591625
spiral_sink_corr,9102,mean_x,-0.019612004862447744,-0.22442092859722884,0.2048089237347811
spiral_sink_corr,9102,var_x,0.5097053883109927,0.3827380816692573,0.12696730664173533
spiral_sink_corr,9102,acf_x_lag1,0.9898749947784751,0.9863455937206606,0.0035294010578145185
spiral_sink_corr,9102,mean_y,-0.006023901148818262,0.19946944434912403,0.2054933454979423
spiral_sink_corr,9102,var_y,0.27536612230282453,0.13743575458610682,0.1379303677167177
spiral_sink_corr,9102,cov_xy,-0.0013584221658965777,0.004668432384945358,0.006026854550841935
spiral_sink_corr,9102,acf_y_lag1,0.9880677162506177,0.9780272249652616,0.010040491285356112
spiral_sink_corr,9102,crosscorr_lag1,0.01669036869456342,0.04355700645761512,0.0268666377630517
rotational_ou,9102,mean_x,-0.0024358039739205313,0.08537343527450594,0.08780923924842647
rotational_ou,9102,var_x,0.465020309761729,0.18128484972900136,0.28373546003272765
rotational_ou,9102,acf_x_lag1,0.9888491440540934,0.9743761313092748,0.014473012744818603
rotational_ou,9102,mean_y,0.014199491851829702,0.30792715883755745,0.2937276669857277
rotational_ou,9102,var_y,0.4697630220531391,0.22217752825094686,0.24758549380219222
rotational_ou,9102,cov_xy,-0.016001844916944053,-0.034415538855512365,0.01841369393856831
rotational_ou,9102,acf_y_lag1,0.9889424119678142,0.978151224073854,0.010791187893960164
rotational_ou,9102,crosscorr_lag1,-0.014711623143728928,-0.14554842714801097,0.13083680400428205
double_well_transverse,9102,mean_x,-0.14548278398476575,-0.25958542809106916,0.11410264410630341
double_well_transverse,9102,var_x,0.6887347075074591,0.4934904422885116,0.19524426521894755
double_well_transverse,9102,acf_x_lag1,0.9957677169781662,0.9951881375937471,0.0005795793844191044
double_well_transverse,9102,mean_y,-0.052306637359144946,0.25664564743401985,0.3089522847931648
double_well_transverse,9102,var_y,0.3225964169537198,0.1430371525628254,0.17955926439089442
double_well_transverse,9102,cov_xy,0.16809133822682565,0.17225252695185392,0.00416118872502827
double_well_transverse,9102,acf_y_lag1,0.992122756354426,0.9821860875556727,0.009936668798753323
double_well_transverse,9102,crosscorr_lag1,0.3597416070707314,0.6479922736059389,0.28825066653520753
diag_multiplicative,9102,mean_x,0.020808591306217324,0.1615150745838243,0.140706483277607
diag_multiplicative,9102,var_x,0.2830080453580219,0.20842783722751101,0.07458020813051086
diag_multiplicative,9102,acf_x_lag1,0.9900059139289736,0.9870319213184172,0.0029739926105564196
diag_multiplicative,9102,mean_y,-0.006013614021285516,-0.4526970206788282,0.4466834066575427
diag_multiplicative,9102,var_y,0.19719758120446174,0.12202780212690999,0.07516977907755175
diag_multiplicative,9102,cov_xy,0.011697186215144578,0.0240173134671622,0.012320127252017622
diag_multiplicative,9102,acf_y_lag1,0.9882956642909744,0.9788428765480629,0.009452787742911473
diag_multiplicative,9102,crosscorr_lag1,0.04948969840638442,0.14449927285294045,0.09500957444655603
gradient_potential,9102,mean_x,-0.1753579501415535,-0.18972011769361713,0.014362167552063626
gradient_potential,9102,var_x,0.6791248306890229,0.5758611577370598,0.10326367295196304
gradient_potential,9102,acf_x_lag1,0.9955455714909508,0.9958789037205564,0.0003333322296056318
gradient_potential,9102,mean_y,0.02115657013700806,0.40802211527372895,0.3868655451367209
gradient_potential,9102,var_y,0.19612882820751373,0.09793743973299643,0.0981913884745173
gradient_potential,9102,cov_xy,-0.0028626807972586725,0.06486862390149992,0.06773130469875858
gradient_potential,9102,acf_y_lag1,0.9871400203350027,0.9735742238203502,0.013565796514652506
gradient_potential,9102,crosscorr_lag1,-0.008225641499036217,0.269489706078651,0.27771534757768723
heston_sv,9101,mean_x,116.5355495952477,100.99862487765523,15.53692471759247
heston_sv,9101,var_x,1535.2284517499784,6.056914307589468,1529.1715374423889
heston_sv,9101,acf_x_lag1,0.9987529161844125,0.9856515842105098,0.01310133197390273
heston_sv,9101,mean_y,0.04073800536212157,-0.0740172039974387,0.11475520935956027
heston_sv,9101,var_y,0.0008191659234171433,0.003547569951539865,0.002728404028122722
heston_sv,9101,cov_xy,-0.24052848499757065,-0.01734129590322217,0.22318718909434848
heston_sv,9101,acf_y_lag1,0.9909061757165712,0.7512260051544045,0.23968017056216673
heston_sv,9101,crosscorr_lag1,-0.21157343207640866,-0.1318794491182301,0.07969398295817856
nongradient_circulation,9102,mean_x,-0.11347223201035657,-1.0325389433474457,0.9190667113370891
nongradient_circulation,9102,var_x,0.7458842886911706,0.07050721452003371,0.6753770741711369
nongradient_circulation,9102,acf_x_lag1,0.9961452074478883,0.9648262722685651,0.03131893517932316
nongradient_circulation,9102,mean_y,-0.014311315121106248,0.1786343898125383,0.19294570493364455
nongradient_circulation,9102,var_y,0.1794286827738002,0.10147958798456452,0.07794909478923567
nongradient_circulation,9102,cov_xy,-0.023279523354729735,0.023377729672910234,0.04665725302763997
nongradient_circulation,9102,acf_y_lag1,0.9858153247919649,0.9759531393156039,0.009862185476360974
nongradient_circulation,9102,crosscorr_lag1,-0.05740291301967466,0.2964599859394489,0.35386289895912354
nondiag_cholesky,9102,mean_x,-0.0085843331892857,-0.09040162120032832,0.08181728801104263
nondiag_cholesky,9102,var_x,0.13665577942351154,0.08676338672071118,0.04989239270280035
nondiag_cholesky,9102,acf_x_lag1,0.9900322482435734,0.9861632492017767,0.003868999041796717
nondiag_cholesky,9102,mean_y,0.006370815593335766,0.2482911930877824,0.24192037749444664
nondiag_cholesky,9102,var_y,0.07480581109600103,0.04265919571503513,0.032146615380965894
nondiag_cholesky,9102,cov_xy,0.005673400904277823,0.011744947891388998,0.006071546987111175
nondiag_cholesky,9102,acf_y_lag1,0.9884936763820568,0.9786062560884471,0.009887420293609672
nondiag_cholesky,9102,crosscorr_lag1,0.056247605211539715,0.18729201480043522,0.13104440958889552
heston_logsv,9102,mean_x,0.18699664524822862,-0.06801520123233336,0.25501184648056197
heston_logsv,9102,var_x,0.1785564611719595,0.02013124963255486,0.15842521153940464
heston_logsv,9102,acf_x_lag1,0.9991802213543672,0.9929570059943711,0.006223215359996148
heston_logsv,9102,mean_y,0.039011401016871936,0.0751914583450462,0.03618005732817427
heston_logsv,9102,var_y,0.0008184842682201774,0.0009080942567674424,8.960998854726503e-05
heston_logsv,9102,cov_xy,-0.002666457991452003,-0.0026195361745714038,4.6921816880599303e-05
heston_logsv,9102,acf_y_lag1,0.9913521200158415,0.9823286807113604,0.009023439304481129
heston_logsv,9102,crosscorr_lag1,-0.2182124375213984,-0.6068926861039625,0.3886802485825641
indep_ou,9103,mean_x,-0.07777470874044673,-0.6300138421697608,0.552239133429314
indep_ou,9103,var_x,0.4657130062441733,0.25361022280472323,0.21210278343945005
indep_ou,9103,acf_x_lag1,0.9888455800776058,0.9805661275351636,0.008279452542442223
indep_ou,9103,mean_y,-0.007287503657386677,0.08606025286250416,0.09334775651989083
indep_ou,9103,var_y,0.12176257943173673,0.05618296413129469,0.06557961530044204
indep_ou,9103,cov_xy,-0.007157432440862759,0.02224544921620687,0.029402881657069627
indep_ou,9103,acf_y_lag1,0.9796178173517258,0.9553166341730192,0.024301183178706665
indep_ou,9103,crosscorr_lag1,-0.030351381056867122,0.19707852253841432,0.22742990359528145
correlated_ou,9103,mean_x,0.07920734032430855,0.5213047117679254,0.4420973714436168
correlated_ou,9103,var_x,0.45464180340830895,0.25902894033511586,0.1956128630731931
correlated_ou,9103,acf_x_lag1,0.9885382799412404,0.9802839239843211,0.008254355956919368
correlated_ou,9103,mean_y,-0.02615419606738325,-0.3715217287832366,0.34536753271585335
correlated_ou,9103,var_y,0.21023870047129273,0.09912907136327033,0.1111096291080224
correlated_ou,9103,cov_xy,-0.18163597238345233,-0.11339106757159678,0.06824490481185555
correlated_ou,9103,acf_y_lag1,0.9844772761815681,0.9699112263394151,0.01456604984215304
correlated_ou,9103,crosscorr_lag1,-0.5782219455606089,-0.6820582749510953,0.10383632939048637
rotational_ou,9103,mean_x,0.023988688927582606,0.40969876776258374,0.38571007883500114
rotational_ou,9103,var_x,0.46874655642622287,0.49341602441127264,0.024669467985049764
rotational_ou,9103,acf_x_lag1,0.9887330701255733,0.9901186185331718,0.0013855484075985247
rotational_ou,9103,mean_y,-0.025755704459241913,0.20094598723801743,0.22670169169725934
rotational_ou,9103,var_y,0.4731606829855354,0.40074793359130784,0.07241274939422754
rotational_ou,9103,cov_xy,-0.0024030887514909145,0.011406646883829844,0.013809735635320758
rotational_ou,9103,acf_y_lag1,0.9886395876746082,0.9877452505468153,0.0008943371277929657
rotational_ou,9103,crosscorr_lag1,0.014742917578856742,0.05246613578982376,0.03772321821096702
coupled_ou,9103,mean_x,-0.11247539819742658,-0.9793643333946456,0.866888935197219
coupled_ou,9103,var_x,0.6355892877430861,0.18751632121257025,0.44807296653051587
coupled_ou,9103,acf_x_lag1,0.9918431395376985,0.9733879243041811,0.018455215233517452
coupled_ou,9103,mean_y,-0.13102394188844088,-0.8920593315075674,0.7610353896191265
coupled_ou,9103,var_y,0.5873840050605282,0.28794400344858345,0.2994400016119448
coupled_ou,9103,cov_xy,0.2836425417819953,0.04227875838969701,0.2413637833922983
coupled_ou,9103,acf_y_lag1,0.9908874049424082,0.98279399195736,0.008093412985048287
coupled_ou,9103,crosscorr_lag1,0.4640033646404461,0.18978965454633612,0.27421371009411
spiral_sink_corr,9103,mean_x,0.036191898713055747,0.4419960990762178,0.40580420036316206
spiral_sink_corr,9103,var_x,0.49815693148587614,0.4508622771094456,0.047294654376430545
spiral_sink_corr,9103,acf_x_lag1,0.9893119407037764,0.9889686546725152,0.00034328603126121404
spiral_sink_corr,9103,mean_y,0.030225407545627022,0.05216397666754393,0.02193856912191691
spiral_sink_corr,9103,var_y,0.26044553310466834,0.18691478631896663,0.0735307467857017
spiral_sink_corr,9103,cov_xy,-0.025734334343023864,-0.03784128085466547,0.012106946511641604
spiral_sink_corr,9103,acf_y_lag1,0.9871771494736777,0.9836353979324475,0.0035417515412302647
spiral_sink_corr,9103,crosscorr_lag1,-0.050461555795710676,-0.0985093885524187,0.04804783275670802
cir_pair,9102,mean_x,0.03968588478751743,0.10151743692121261,0.06183155213369518
cir_pair,9102,var_x,0.0008351645453419026,0.0037576084651225624,0.00292244391978066
cir_pair,9102,acf_x_lag1,0.9914293238048166,0.9953656797442744,0.003936355939457736
cir_pair,9102,mean_y,0.039011401016871936,0.05549599845383267,0.016484597436960735
cir_pair,9102,var_y,0.0008184842682201774,0.00047905940387990076,0.0003394248643402766
cir_pair,9102,cov_xy,-0.0004002315931561734,-0.0007977300636851566,0.0003974984705289832
cir_pair,9102,acf_y_lag1,0.9913521200158415,0.9799351089447432,0.01141701107109827
cir_pair,9102,crosscorr_lag1,-0.47985064364245894,-0.5867673986499353,0.10691675500747638
double_well_transverse,9103,mean_x,-0.0821852656871985,-0.691220876398489,0.6090356107112904
double_well_transverse,9103,var_x,0.7383333417642565,0.09544934217803112,0.6428839995862253
double_well_transverse,9103,acf_x_lag1,0.9960205548059657,0.9745977405390196,0.021422814266946144
double_well_transverse,9103,mean_y,-0.09195510495267505,-0.5993776576711223,0.5074225527184473
double_well_transverse,9103,var_y,0.2899591153697065,0.1142420422557772,0.17571707311392928
double_well_transverse,9103,cov_xy,0.1569552010540968,-0.029021863931094696,0.1859770649851915
double_well_transverse,9103,acf_y_lag1,0.9911906336899321,0.9780003551881716,0.013190278501760466
double_well_transverse,9103,crosscorr_lag1,0.3427911440838628,-0.25866854674081075,0.6014596908246735
heston_sv,9102,mean_x,131.08490971311005,107.89205301253727,23.192856700572776
heston_sv,9102,var_x,2790.465520882249,41.94407491347493,2748.521445968774
heston_sv,9102,acf_x_lag1,0.9988166670167137,0.998001055538961,0.0008156114777526646
heston_sv,9102,mean_y,0.039011401016871936,-0.06258453562867117,0.1015959366455431
heston_sv,9102,var_y,0.0008184842682201774,0.0037907145970493914,0.002972230328829214
heston_sv,9102,cov_xy,-0.32659913567468746,-0.044899812077062035,0.2816993235976254
heston_sv,9102,acf_y_lag1,0.9913521200158415,0.8847111930145757,0.10664092700126582
heston_sv,9102,crosscorr_lag1,-0.21386834710409225,-0.10830336955512485,0.1055649775489674
gradient_potential,9103,mean_x,-0.2064942930033108,-0.7656991469090859,0.5592048539057751
gradient_potential,9103,var_x,0.7613810601800385,0.1608701214002904,0.600510938779748
gradient_potential,9103,acf_x_lag1,0.9959337820707995,0.9841694128004607,0.01176436927033886
gradient_potential,9103,mean_y,-0.0374316575844895,-0.31088238262243256,0.27345072503794304
gradient_potential,9103,var_y,0.1756585125321981,0.11181134807828759,0.06384716445391052
gradient_potential,9103,cov_xy,-0.014665921181224966,-0.05576696004113882,0.041101038859913855
gradient_potential,9103,acf_y_lag1,0.9854781966013905,0.9786056942830008,0.0068725023183896505
gradient_potential,9103,crosscorr_lag1,-0.03999211226035531,-0.4059073301134781,0.3659152178531228
nongradient_circulation,9103,mean_x,-0.046812078724150524,0.47445099791824996,0.5212630766424005
nongradient_circulation,9103,var_x,0.809321927304015,0.5367394898034688,0.2725824375005462
nongradient_circulation,9103,acf_x_lag1,0.9963057182206413,0.9954006980929188,0.0009050201277225334
nongradient_circulation,9103,mean_y,-0.042001115601674986,-0.19364218727247115,0.15164107167079616
nongradient_circulation,9103,var_y,0.18355789191546434,0.13100240840495536,0.05255548351050898
nongradient_circulation,9103,cov_xy,-0.007895751535291927,0.06150972327660053,0.06940547481189245
nongradient_circulation,9103,acf_y_lag1,0.98617342651169,0.9813720205237567,0.004801405987933327
nongradient_circulation,9103,crosscorr_lag1,-0.013659812832837417,0.23702938820433392,0.25068920103717135
diag_multiplicative,9103,mean_x,-0.05804850392837109,-0.5387773296454967,0.48072882571712566
diag_multiplicative,9103,var_x,0.2541201820491413,0.18046283955966877,0.0736573424894725
diag_multiplicative,9103,acf_x_lag1,0.988694175614205,0.9812308144720341,0.007463361142170943
diag_multiplicative,9103,mean_y,-0.008705753059400077,0.2003956192859906,0.20910137234539067
diag_multiplicative,9103,var_y,0.21764692594430537,0.07634509656645927,0.1413018293778461
diag_multiplicative,9103,cov_xy,-0.012190540679719659,0.009209497527352452,0.021400038207072113
diag_multiplicative,9103,acf_y_lag1,0.9891021903008074,0.9658050337088459,0.02329715659196152
diag_multiplicative,9103,crosscorr_lag1,-0.05203909841821014,0.08834193385755303,0.14038103227576315
nondiag_cholesky,9103,mean_x,0.03845986913057011,0.3439343791231624,0.3054745099925923
nondiag_cholesky,9103,var_x,0.12328760010888186,0.06940636218949604,0.053881237919385816
nondiag_cholesky,9103,acf_x_lag1,0.9888492021155653,0.9809380058397437,0.007911196275821597
nondiag_cholesky,9103,mean_y,0.005987791201357812,-0.14653886059026214,0.15252665179161995
nondiag_cholesky,9103,var_y,0.08002702342445821,0.0301795873956925,0.04984743602876571
nondiag_cholesky,9103,cov_xy,-0.0025725607800087535,-0.0018108284771571714,0.0007617323028515821
nondiag_cholesky,9103,acf_y_lag1,0.9890419249911989,0.9684011849981603,0.020640739993038615
nondiag_cholesky,9103,crosscorr_lag1,-0.025926170469332686,-0.02972053379672488,0.003794363327392195
heston_logsv,9103,mean_x,0.15315183992950102,0.30414395411139356,0.15099211418189254
heston_logsv,9103,var_x,0.19475925058510665,0.018100038564792968,0.17665921202031368
heston_logsv,9103,acf_x_lag1,0.9991802174622695,0.9983005280668388,0.000879689395430705
heston_logsv,9103,mean_y,0.036630595841639566,0.01640382120494748,0.020226774636692084
heston_logsv,9103,var_y,0.000693849101457963,9.974563320297187e-05,0.0005941034682549911
heston_logsv,9103,cov_xy,-0.00357748664182309,-0.0001812090895066065,0.0033962775523164834
heston_logsv,9103,acf_y_lag1,0.9904020805539264,0.9645905503641307,0.02581153018979576
heston_logsv,9103,crosscorr_lag1,-0.30533642887046664,-0.12129163321455247,0.18404479565591417
indep_ou,9104,mean_x,0.018846880113540555,-0.07418603539565817,0.09303291550919873
indep_ou,9104,var_x,0.43288689388531176,0.364036585001337,0.06885030888397475
indep_ou,9104,acf_x_lag1,0.9883580834228426,0.987549555447751,0.0008085279750915664
indep_ou,9104,mean_y,0.01912810966352694,0.12626998276266457,0.10714187309913764
indep_ou,9104,var_y,0.11346937457181147,0.1069133554724743,0.006556019099337174
indep_ou,9104,cov_xy,-0.0008331886331714594,0.02421483894394221,0.02504802757711367
indep_ou,9104,acf_y_lag1,0.978085636043999,0.9772312953903175,0.0008543406536815068
indep_ou,9104,crosscorr_lag1,-0.002380796654914378,0.12038203817926423,0.1227628348341786
correlated_ou,9104,mean_x,-0.033935262815577315,-0.028293504332354804,0.005641758483222511
correlated_ou,9104,var_x,0.42143927025502165,0.40621530263322797,0.015223967621793677
correlated_ou,9104,acf_x_lag1,0.9880301887400632,0.9892522529838544,0.0012220642437912321
correlated_ou,9104,mean_y,-0.008212286352249042,-0.17097689858031018,0.16276461222806113
correlated_ou,9104,var_y,0.1972375461011899,0.14567930560357012,0.051558240497619784
correlated_ou,9104,cov_xy,-0.1666497315450455,-0.11850033809338296,0.04814939345166254
correlated_ou,9104,acf_y_lag1,0.9836633943343334,0.9783305545115493,0.005332839822784097
correlated_ou,9104,crosscorr_lag1,-0.5669425262294164,-0.47869854616656865,0.08824398006284778
coupled_ou,9104,mean_x,-0.00039289188510812647,0.0006677458636726014,0.0010606377487807279
coupled_ou,9104,var_x,0.5625629598736384,0.3417472764126351,0.22081568346100328
coupled_ou,9104,acf_x_lag1,0.9907809291732885,0.986246713849916,0.0045342153233725035
coupled_ou,9104,mean_y,0.049803829401949745,-0.2889654892214835,0.3387693186234333
coupled_ou,9104,var_y,0.5482902546512356,0.4244129664613895,0.12387728818984611
coupled_ou,9104,cov_xy,0.25015197002764655,0.11087295159157075,0.13927901843607582
coupled_ou,9104,acf_y_lag1,0.9906664636925228,0.9887069995697731,0.00195946412274961
coupled_ou,9104,crosscorr_lag1,0.45134320025651076,0.28853244041095993,0.16281075984555082
rotational_ou,9104,mean_x,-0.028094838279481026,0.12936908188639643,0.15746392016587746
rotational_ou,9104,var_x,0.48622352355257603,0.363788875255499,0.12243464829707701
rotational_ou,9104,acf_x_lag1,0.9892850563434947,0.9870819299207246,0.0022031264227700964
rotational_ou,9104,mean_y,-0.0015870542691810102,0.0024983269685294497,0.00408538123771046
rotational_ou,9104,var_y,0.49739313279474373,0.3570225595940922,0.14037057320065155
rotational_ou,9104,cov_xy,0.008130415657276588,0.004439500159949361,0.0036909154973272266
rotational_ou,9104,acf_y_lag1,0.9894747676058925,0.986300761794176,0.0031740058117164516
rotational_ou,9104,crosscorr_lag1,0.037605791462149436,0.03247070160885388,0.005135089853295555
spiral_sink_corr,9104,mean_x,-0.001791281326508093,0.16506257294726492,0.16685385427377303
spiral_sink_corr,9104,var_x,0.500922199101209,0.43109428690645324,0.06982791219475581
spiral_sink_corr,9104,acf_x_lag1,0.9896887104427438,0.9894508576753153,0.00023785276742849248
spiral_sink_corr,9104,mean_y,-0.0245470373406636,-0.12060259881147771,0.09605556147081411
spiral_sink_corr,9104,var_y,0.27556728159082516,0.22795853585989256,0.0476087457309326
spiral_sink_corr,9104,cov_xy,-0.034588967126478444,-0.010840741438980327,0.02374822568749812
spiral_sink_corr,9104,acf_y_lag1,0.9881611405916965,0.9859918298456536,0.002169310746042874
spiral_sink_corr,9104,crosscorr_lag1,-0.07080933513933184,-0.015031257588468313,0.055778077550863524
cir_pair,9103,mean_x,0.03938266533462817,0.051068735239925264,0.011686069905297095
cir_pair,9103,var_x,0.0008600770893445744,0.000528035190525887,0.0003320418988186874
cir_pair,9103,acf_x_lag1,0.99140392160062,0.9829644513897121,0.008439470210907851
cir_pair,9103,mean_y,0.036630595841639566,0.0175328483098402,0.019097747531799367
cir_pair,9103,var_y,0.000693849101457963,0.00011437491972767152,0.0005794741817302915
cir_pair,9103,cov_xy,-0.0004127526527216107,-0.0001560357487232783,0.0002567169039983324
cir_pair,9103,acf_y_lag1,0.9904020805539264,0.9712888753634537,0.01911320519047277
cir_pair,9103,crosscorr_lag1,-0.5296633929292913,-0.6133072001243557,0.08364380719506437
double_well_transverse,9104,mean_x,-0.16207466478819435,-0.7011978687312946,0.5391232039431003
double_well_transverse,9104,var_x,0.6683852264443353,0.15737476370394765,0.5110104627403876
double_well_transverse,9104,acf_x_lag1,0.995319359531604,0.9855502831213103,0.009769076410293676
double_well_transverse,9104,mean_y,-0.06663362185067204,-0.08871287562067715,0.02207925377000511
double_well_transverse,9104,var_y,0.2583766369676933,0.14868448325493178,0.10969215371276153
double_well_transverse,9104,cov_xy,0.1382561985284919,0.033835041278662235,0.10442115724982967
double_well_transverse,9104,acf_y_lag1,0.9903697164689451,0.9839115638172323,0.00645815265171279
double_well_transverse,9104,crosscorr_lag1,0.3355010061143132,0.2202851589794756,0.11521584713483762
heston_sv,9103,mean_x,128.0538372205848,202.7781908597839,74.72435363919911
heston_sv,9103,var_x,3147.8915685771467,2876.7430265039766,271.1485420731701
heston_sv,9103,acf_x_lag1,0.9988682287809371,0.9999801146121259,0.0011118858311888191
heston_sv,9103,mean_y,0.036630595841639566,-0.06591364512673319,0.10254424096837275
heston_sv,9103,var_y,0.000693849101457963,0.001896230172151733,0.00120238107069377
heston_sv,9103,cov_xy,-0.40402276271659227,0.0208018434585236,0.42482460617511586
heston_sv,9103,acf_y_lag1,0.9904020805539264,0.8834094427032082,0.10699263785071822
heston_sv,9103,crosscorr_lag1,-0.27119152640174754,0.017871816476968644,0.28906334287871616
gradient_potential,9104,mean_x,-0.3029577622658431,-0.6477125578113324,0.3447547955454893
gradient_potential,9104,var_x,0.6828734713139964,0.3796106162131738,0.3032628551008226
gradient_potential,9104,acf_x_lag1,0.9954159493595557,0.9939606534365286,0.0014552959230270668
gradient_potential,9104,mean_y,0.01605904098466782,-0.13230921610202084,0.14836825708668866
gradient_potential,9104,var_y,0.16224945146090294,0.13003505621025993,0.03221439525064301
gradient_potential,9104,cov_xy,-0.04076074511383105,0.015757809341343482,0.056518554455174536
gradient_potential,9104,acf_y_lag1,0.9847048503931802,0.9812677812543369,0.0034370691388433405
gradient_potential,9104,crosscorr_lag1,-0.1235156700066915,0.07034527965607522,0.19386094966276674
nongradient_circulation,9104,mean_x,-0.2771309217421477,-0.8576464470171652,0.5805155252750175
nongradient_circulation,9104,var_x,0.6554796180616564,0.1387008922274841,0.5167787258341723
nongradient_circulation,9104,acf_x_lag1,0.9951430047215147,0.9833489880870667,0.011794016634448012
nongradient_circulation,9104,mean_y,-0.00866293476453447,0.07014243708509843,0.0788053718496329
nongradient_circulation,9104,var_y,0.16097631336262982,0.14755633566421109,0.013419977698418739
nongradient_circulation,9104,cov_xy,-0.0158504908009534,-0.003913547839586767,0.011936942961366631
nongradient_circulation,9104,acf_y_lag1,0.9846035825214716,0.9836694192686383,0.0009341632528333532
nongradient_circulation,9104,crosscorr_lag1,-0.04273895319875358,-0.014080146570464929,0.028658806628288652
diag_multiplicative,9104,mean_x,0.014127884780317275,-0.08543910073687151,0.09956698551718879
diag_multiplicative,9104,var_x,0.23724555028182112,0.2117754071733673,0.02547014310845383
diag_multiplicative,9104,acf_x_lag1,0.9883338730929823,0.9866247038446461,0.0017091692483361953
diag_multiplicative,9104,mean_y,0.0337051278514985,0.2580741713965268,0.2243690435450283
diag_multiplicative,9104,var_y,0.196602979650734,0.20745633736331806,0.010853357712584055
diag_multiplicative,9104,cov_xy,-0.009692673521745685,0.04662900679422751,0.0563216803159732
diag_multiplicative,9104,acf_y_lag1,0.9880144429495741,0.9878309215883575,0.00018352136121657647
diag_multiplicative,9104,crosscorr_lag1,-0.04332295026896588,0.21975320527303008,0.263076155541996
nondiag_cholesky,9104,mean_x,-0.013726242516269109,0.033244763506545566,0.046971006022814676
nondiag_cholesky,9104,var_x,0.1159077944336043,0.11400008233528011,0.001907712098324188
nondiag_cholesky,9104,acf_x_lag1,0.9885508768245469,0.9886402612942309,8.938446968398406e-05
nondiag_cholesky,9104,mean_y,-0.023818815642827954,-0.1569348495992349,0.13311603395640695
nondiag_cholesky,9104,var_y,0.07410658475743305,0.06950920075237917,0.004597384005053884
nondiag_cholesky,9104,cov_xy,-0.006833070692547432,0.02462618540784345,0.03145925610039088
nondiag_cholesky,9104,acf_y_lag1,0.988092183622251,0.9871803306538044,0.000911852968446647
nondiag_cholesky,9104,crosscorr_lag1,-0.07232998540200543,0.2736749530801612,0.3460049384821666
heston_logsv,9104,mean_x,0.24149920812949363,0.09432708823468443,0.14717211989480922
heston_logsv,9104,var_x,0.20713047448939212,0.007507352198847243,0.19962312229054488
heston_logsv,9104,acf_x_lag1,0.9991182204806516,0.9943752943551752,0.004742926125476332
heston_logsv,9104,mean_y,0.03895023873439846,0.024536729430657767,0.01441350930374069
heston_logsv,9104,var_y,0.0007684695428643175,0.00024955246779925934,0.0005189170750650582
heston_logsv,9104,cov_xy,-0.003938983019277321,-0.0008032352452713615,0.0031357477740059595
heston_logsv,9104,acf_y_lag1,0.9906274592735503,0.9800162807408823,0.01061117853266802
heston_logsv,9104,crosscorr_lag1,-0.30986087264248874,-0.5796372878482271,0.26977641520573836
indep_ou,9105,mean_x,-0.09468414950511,-0.6471494318237101,0.5524652823186
indep_ou,9105,var_x,0.4682822554264691,0.5505276376386073,0.08224538221213823
indep_ou,9105,acf_x_lag1,0.989019440938729,0.9916285549609548,0.0026091140222258558
indep_ou,9105,mean_y,0.009520312523294591,-0.13956342743491273,0.14908373995820734
indep_ou,9105,var_y,0.1137242574731164,0.09044149148467695,0.023282765988439452
indep_ou,9105,cov_xy,0.0011509385341415758,-0.03033360569787823,0.03148454423201981
indep_ou,9105,acf_y_lag1,0.9782074997359228,0.9753145800668552,0.002892919669067573
indep_ou,9105,crosscorr_lag1,0.005358632817822882,-0.13836579654443656,0.14372442936225946
correlated_ou,9105,mean_x,0.08265509546767079,-0.6018908228094119,0.6845459182770827
correlated_ou,9105,var_x,0.47330299978450285,0.4905057423866758,0.01720274260217297
correlated_ou,9105,acf_x_lag1,0.989099809602001,0.99064947999951,0.0015496703975090842
correlated_ou,9105,mean_y,-0.04923477318704144,-0.01401724511553156,0.03521752807150988
correlated_ou,9105,var_y,0.194811168230346,0.1705288493919131,0.024282318838432904
correlated_ou,9105,cov_xy,-0.1804896126539892,-0.201250577210601,0.020760964556611805
correlated_ou,9105,acf_y_lag1,0.9832515498905837,0.9825252119880846,0.0007263379024990968
correlated_ou,9105,crosscorr_lag1,-0.5847711152504826,-0.6854646188500226,0.10069350359953999
coupled_ou,9105,mean_x,-0.14613803693054342,0.6870074635747063,0.8331455005052497
coupled_ou,9105,var_x,0.620364817381422,0.2953496788051476,0.3250151385762744
coupled_ou,9105,acf_x_lag1,0.9916183897647963,0.9851777236339743,0.006440666130822059
coupled_ou,9105,mean_y,-0.12198753713447584,0.9190449961950379,1.0410325333295136
coupled_ou,9105,var_y,0.6219156785177344,0.5132696159019631,0.10864606261577137
coupled_ou,9105,cov_xy,0.31482061295923797,-0.06584178647377582,0.3806623994330138
coupled_ou,9105,acf_y_lag1,0.9915959120633024,0.9908215715618294,0.0007743405014730698
coupled_ou,9105,crosscorr_lag1,0.5066935253097666,-0.1684065783687671,0.6751001036785338
rotational_ou,9105,mean_x,-0.0023150132703705162,-0.1273786492236257,0.1250636359532552
rotational_ou,9105,var_x,0.4413373254025934,0.6970587899476397,0.2557214645450463
rotational_ou,9105,acf_x_lag1,0.9881086623403339,0.9935078422736267,0.005399179933292753
rotational_ou,9105,mean_y,-0.04281153290873824,0.23765443986404727,0.2804659727727855
rotational_ou,9105,var_y,0.4208949865926095,0.5489970160149154,0.12810202942230586
rotational_ou,9105,cov_xy,-0.01169055433045104,0.017670654522204298,0.02936120885265534
rotational_ou,9105,acf_y_lag1,0.9877668776327608,0.9913069957638954,0.0035401181311345287
rotational_ou,9105,crosscorr_lag1,-0.007088861794448956,0.05049581077943577,0.05758467257388472
spiral_sink_corr,9105,mean_x,0.05586239671576729,-0.19304980920611678,0.24891220592188407
spiral_sink_corr,9105,var_x,0.4643935947178396,0.5400590102669188,0.07566541554907924
spiral_sink_corr,9105,acf_x_lag1,0.9888998927660181,0.9915911893464371,0.0026912965804190003
spiral_sink_corr,9105,mean_y,0.01076485827375254,-0.2823001343211722,0.29306499259492474
spiral_sink_corr,9105,var_y,0.2591815588805936,0.17697939836473398,0.0822021605158596
spiral_sink_corr,9105,cov_xy,-0.0067629913057587225,-0.02915521709149298,0.022392225785734257
spiral_sink_corr,9105,acf_y_lag1,0.9871784377424906,0.983230778225209,0.003947659517281599
spiral_sink_corr,9105,crosscorr_lag1,0.0017445519440756649,-0.0714223731529339,0.07316692509700956
cir_pair,9104,mean_x,0.04095848620106971,0.03906680356069755,0.0018916826403721637
cir_pair,9104,var_x,0.0008984176387740773,0.0010466903222391686,0.00014827268346509124
cir_pair,9104,acf_x_lag1,0.9915300364247717,0.9934853119181313,0.0019552754933596095
cir_pair,9104,mean_y,0.03895023873439846,0.03277580248024443,0.00617443625415403
cir_pair,9104,var_y,0.0007684695428643175,0.0004552480387844602,0.00031322150407985737
cir_pair,9104,cov_xy,-0.0004703260696808882,-0.0003608739429132912,0.00010945212676759702
cir_pair,9104,acf_y_lag1,0.9906274592735503,0.9856737334838143,0.004953725789736074
cir_pair,9104,crosscorr_lag1,-0.5615522620222791,-0.5203854895960808,0.04116677242619837
double_well_transverse,9105,mean_x,-0.04692447730252833,-0.2563569248567613,0.209432447554233
double_well_transverse,9105,var_x,0.7333159032196894,0.9186342503275653,0.18531834710787587
double_well_transverse,9105,acf_x_lag1,0.9956777191416692,0.9974626795105646,0.0017849603688953053
double_well_transverse,9105,mean_y,-0.0979761425393407,-0.4983250972343459,0.4003489546950052
double_well_transverse,9105,var_y,0.31780740844477134,0.21717925455567355,0.1006281538890978
double_well_transverse,9105,cov_xy,0.1866003978735857,0.25636487473697134,0.06976447686338563
double_well_transverse,9105,acf_y_lag1,0.9918584313588295,0.9899604899613773,0.0018979413974521409
double_well_transverse,9105,crosscorr_lag1,0.38977536183146594,0.5783515858079986,0.18857622397653268
heston_sv,9104,mean_x,141.1638287883051,106.83604245172462,34.32778633658047
heston_sv,9104,var_x,5170.7297381263315,34.828694663805685,5135.901043462526
heston_sv,9104,acf_x_lag1,0.9987302460768895,0.998778378452221,4.8132375331411126e-05
heston_sv,9104,mean_y,0.03895023873439846,-0.05488742536616563,0.09383766410056409
heston_sv,9104,var_y,0.0007684695428643175,0.002291999557838752,0.0015235300149744344
heston_sv,9104,cov_xy,-0.534845593522801,-0.08715365848042418,0.44769193504237687
heston_sv,9104,acf_y_lag1,0.9906274592735503,0.881516600011948,0.10911085926160236
heston_sv,9104,crosscorr_lag1,-0.26633201580729965,-0.3047729709575346,0.038440955150234934
gradient_potential,9105,mean_x,-0.37520923172319237,0.08368242930593776,0.45889166102913015
gradient_potential,9105,var_x,0.6711342182050842,0.7511349082744166,0.08000069006933241
gradient_potential,9105,acf_x_lag1,0.9953504653210392,0.997072599331923,0.0017221340108838357
gradient_potential,9105,mean_y,-0.05279982134558921,0.287308502953501,0.3401083242990902
gradient_potential,9105,var_y,0.16636958921511616,0.24187603633044677,0.07550644711533061
gradient_potential,9105,cov_xy,0.008584821747673091,-0.2899596630944818,0.2985444848421549
gradient_potential,9105,acf_y_lag1,0.984752708201975,0.9903552298608048,0.0056025216588297955
gradient_potential,9105,crosscorr_lag1,0.02571132448314745,-0.6780842637879282,0.7037955882710757
nongradient_circulation,9105,mean_x,-0.010841202388757456,-0.21209401822355758,0.20125281583480012
nongradient_circulation,9105,var_x,0.7860898155072618,1.0096475022261109,0.22355768671884912
nongradient_circulation,9105,acf_x_lag1,0.9960276877635419,0.997742105473226,0.0017144177096840574
nongradient_circulation,9105,mean_y,-0.04800000407753027,-0.30573413190122967,0.2577341278236994
nongradient_circulation,9105,var_y,0.18117814417685502,0.15583298210808547,0.02534516206876955
nongradient_circulation,9105,cov_xy,0.0006382154641655978,0.06741412396970776,0.06677590850554217
nongradient_circulation,9105,acf_y_lag1,0.9858457526542188,0.9848798631325861,0.000965889521632679
nongradient_circulation,9105,crosscorr_lag1,0.007753612092836835,0.17697972081457758,0.16922610872174074
diag_multiplicative,9105,mean_x,-0.0703782615631557,-0.461698696000469,0.3913204344373133
diag_multiplicative,9105,var_x,0.2559281998277638,0.33691576174493293,0.0809875619171691
diag_multiplicative,9105,acf_x_lag1,0.9889202456435596,0.9912581196442433,0.0023378740006836374
diag_multiplicative,9105,mean_y,0.015635080719210184,-0.31320830342896,0.32884338414817016
diag_multiplicative,9105,var_y,0.2020852020315425,0.14270400292821087,0.059381199103331644
diag_multiplicative,9105,cov_xy,0.0060802012443576655,-0.02750264263306171,0.033582843877419374
diag_multiplicative,9105,acf_y_lag1,0.9883555840845087,0.9831696762401436,0.005185907844365123
diag_multiplicative,9105,crosscorr_lag1,0.026649940749069876,-0.12799982804580123,0.1546497687948711
nondiag_cholesky,9105,mean_x,0.053864231439485794,-0.28621332037618347,0.34007755181566923
nondiag_cholesky,9105,var_x,0.12362060452756125,0.20883998102374568,0.08521937649618443
nondiag_cholesky,9105,acf_x_lag1,0.9889699716703918,0.993493497142481,0.004523525472089229
nondiag_cholesky,9105,mean_y,-0.008986537030167895,-0.24684862592882595,0.23786208889865806
nondiag_cholesky,9105,var_y,0.07536117289962978,0.049966874797470584,0.025394298102159193
nondiag_cholesky,9105,cov_xy,0.003301974791374954,0.004573446077926473,0.0012714712865515188
nondiag_cholesky,9105,acf_y_lag1,0.9883314151768443,0.9836047844841004,0.004726630692743927
nondiag_cholesky,9105,crosscorr_lag1,0.034276429716044575,0.04232665882795665,0.008050229111912076
heston_logsv,9105,mean_x,0.21556618800462407,-0.6210937498732931,0.8366599378779171
heston_logsv,9105,var_x,0.25811407411230386,0.03536866247433822,0.22274541163796563
heston_logsv,9105,acf_x_lag1,0.9990416111295282,0.997632401759975,0.0014092093695531327
heston_logsv,9105,mean_y,0.040221685846196016,0.04353276146009703,0.003311075613901017
heston_logsv,9105,var_y,0.0011307849675753767,0.0015760503068398275,0.00044526533926445076
heston_logsv,9105,cov_xy,-0.006685465830834899,0.0003069393913350077,0.006992405222169907
heston_logsv,9105,acf_y_lag1,0.9933423790962949,0.9937051312053601,0.00036275210906522304
heston_logsv,9105,crosscorr_lag1,-0.3890982123311161,0.047552413561492514,0.4366506258926086
indep_ou,9106,mean_x,-0.06341256178565241,0.328134477094711,0.3915470388803634
indep_ou,9106,var_x,0.4732507723891025,0.5556627188965402,0.08241194650743766
indep_ou,9106,acf_x_lag1,0.9893067829847663,0.9917593782875874,0.002452595302821159
indep_ou,9106,mean_y,-0.02512227222959312,0.06447973638064623,0.08960200861023936
indep_ou,9106,var_y,0.13046128506509752,0.0660913161591397,0.06436996890595782
indep_ou,9106,cov_xy,-0.000682597731985658,0.020989456158335633,0.021672053890321293
indep_ou,9106,acf_y_lag1,0.9812598082513977,0.9615226495086981,0.019737158742699545
indep_ou,9106,crosscorr_lag1,-0.002996746495939946,0.10593974492077858,0.10893649141671853
correlated_ou,9106,mean_x,0.08217278216099759,0.5134002202448528,0.43122743808385516
correlated_ou,9106,var_x,0.4747066594388892,0.5646387396926487,0.08993208025375948
correlated_ou,9106,acf_x_lag1,0.989371092031373,0.9916725190211759,0.002301426989802957
correlated_ou,9106,mean_y,-0.005159668028755716,-0.10167168924360029,0.09651202121484458
correlated_ou,9106,var_y,0.21411520299925826,0.17909946199593205,0.03501574100332622
correlated_ou,9106,cov_xy,-0.17805933810010252,-0.262726384673212,0.0846670465731095
correlated_ou,9106,acf_y_lag1,0.9849108389196934,0.9827711736079464,0.00213966531174703
correlated_ou,9106,crosscorr_lag1,-0.5497298725549763,-0.8182907706622568,0.26856089810728045
rotational_ou,9106,mean_x,0.043317057816575896,0.16672653493353756,0.12340947711696167
rotational_ou,9106,var_x,0.5630850263586388,0.5734945645161503,0.010409538157511555
rotational_ou,9106,acf_x_lag1,0.990633173635882,0.9913959296310525,0.0007627559951705054
rotational_ou,9106,mean_y,-0.012141516531546277,-0.11980421183921384,0.10766269530766756
rotational_ou,9106,var_y,0.5116663386424013,0.5570571084428184,0.04539076980041712
rotational_ou,9106,cov_xy,-0.005502236495284919,-0.14493586081459914,0.13943362431931422
rotational_ou,9106,acf_y_lag1,0.9899987898743978,0.9915422781860981,0.0015434883117002585
rotational_ou,9106,crosscorr_lag1,0.00894224883929779,-0.23590964911397816,0.24485189795327594
coupled_ou,9106,mean_x,-0.05685033965636654,0.08408389752845406,0.1409342371848206
coupled_ou,9106,var_x,0.6318103002596633,0.19864388896659047,0.4331664112930729
coupled_ou,9106,acf_x_lag1,0.9918686411793027,0.9738703515968448,0.01799828958245797
coupled_ou,9106,mean_y,-0.12462350054973395,-0.23998042662968166,0.11535692607994771
coupled_ou,9106,var_y,0.6300261207847632,0.4253597641373408,0.2046663566474224
coupled_ou,9106,cov_xy,0.2775435829033552,-0.0198729189933719,0.2974165018967271
coupled_ou,9106,acf_y_lag1,0.9919434333565607,0.9887760820786534,0.0031673512779072377
coupled_ou,9106,crosscorr_lag1,0.4396269065685116,-0.06874808063253424,0.5083749872010459
spiral_sink_corr,9106,mean_x,0.02281187669027389,0.20502861745721213,0.18221674076693822
spiral_sink_corr,9106,var_x,0.5276415557427501,0.6176289090060285,0.08998735326327845
spiral_sink_corr,9106,acf_x_lag1,0.9903308393559966,0.9922986360223891,0.001967796666392463
spiral_sink_corr,9106,mean_y,0.041914508940468574,0.2737299146297839,0.23181540568931533
spiral_sink_corr,9106,var_y,0.3132777986249411,0.2011824395723872,0.11209535905255388
spiral_sink_corr,9106,cov_xy,-0.02067696306096062,0.01792105435405024,0.03859801741501086
spiral_sink_corr,9106,acf_y_lag1,0.989405836553196,0.9846483083969927,0.004757528156203339
spiral_sink_corr,9106,crosscorr_lag1,-0.03075143082992666,0.07032746056998218,0.10107889139990883
cir_pair,9105,mean_x,0.04300488911802683,0.016641370681429485,0.026363518436597344
cir_pair,9105,var_x,0.0012481016344022097,0.00014350371343257402,0.0011045979209696358
cir_pair,9105,acf_x_lag1,0.9936952346207398,0.9777437721654938,0.015951462455246035
cir_pair,9105,mean_y,0.040221685846196016,0.08888438123727409,0.04866269539107807
cir_pair,9105,var_y,0.0011307849675753767,0.0034358704047818094,0.0023050854372064326
cir_pair,9105,cov_xy,-0.0005995604679021357,-0.0002282657162565207,0.000371294751645615
cir_pair,9105,acf_y_lag1,0.9933423790962949,0.9961202837247923,0.002777904628497474
cir_pair,9105,crosscorr_lag1,-0.5016426905919252,-0.3226201620053386,0.17902252858658663
double_well_transverse,9106,mean_x,-0.1792602926261964,0.034837029464348045,0.21409732209054444
double_well_transverse,9106,var_x,0.74306059486238,0.6910573235358165,0.05200327132656346
double_well_transverse,9106,acf_x_lag1,0.99617915995201,0.9965460987236026,0.00036693877159255095
double_well_transverse,9106,mean_y,-0.12729279576322627,0.10538465987497293,0.2326774556381992
double_well_transverse,9106,var_y,0.31932214207684184,0.11757261275576272,0.20174952932107912
double_well_transverse,9106,cov_xy,0.17755371330531955,0.18543184923604714,0.007878135930727587
double_well_transverse,9106,acf_y_lag1,0.9919858342775348,0.979362762397574,0.012623071879960812
double_well_transverse,9106,crosscorr_lag1,0.3683458370913703,0.652146795057967,0.2838009579665967
gradient_potential,9106,mean_x,-0.369746292891713,0.5436484977937377,0.9133947906854507
gradient_potential,9106,var_x,0.6680064720082128,0.37485140319429106,0.2931550688139218
gradient_potential,9106,acf_x_lag1,0.9959613930367219,0.9938114695339355,0.0021499235027864216
gradient_potential,9106,mean_y,-0.03881061713971261,0.06102754121197934,0.09983815835169195
gradient_potential,9106,var_y,0.17182698705557733,0.07208983892346998,0.09973714813210735
gradient_potential,9106,cov_xy,0.008630031847864756,0.007802871491495745,0.0008271603563690102
gradient_potential,9106,acf_y_lag1,0.9854767491508758,0.966795203707793,0.01868154544308276
gradient_potential,9106,crosscorr_lag1,0.025622520257788623,0.044410024907843966,0.018787504650055343
diag_multiplicative,9106,mean_x,-0.04746667694530477,-0.43096281595731023,0.38349613901200547
diag_multiplicative,9106,var_x,0.2643898692655006,0.4940308963911758,0.2296410271256752
diag_multiplicative,9106,acf_x_lag1,0.9893680700733671,0.9938685239276489,0.004500453854281772
diag_multiplicative,9106,mean_y,-0.04884876448438398,-0.11089080811150102,0.062042043627117044
diag_multiplicative,9106,var_y,0.23127373830554743,0.08884234489065487,0.14243139341489255
diag_multiplicative,9106,cov_xy,-0.00275560662327233,-0.03296918532958283,0.0302135787063105
diag_multiplicative,9106,acf_y_lag1,0.9900532553976511,0.9708731700422967,0.019180085355354426
diag_multiplicative,9106,crosscorr_lag1,-0.011378772572946064,-0.16132078564028285,0.1499420130673368
nondiag_cholesky,9106,mean_x,0.038484988802813536,0.2403935276215125,0.20190853881869897
nondiag_cholesky,9106,var_x,0.1260790934319359,0.15676574222437917,0.03068664879244326
nondiag_cholesky,9106,acf_x_lag1,0.9893357137744535,0.9913493162144427,0.0020136024399891594
nondiag_cholesky,9106,mean_y,0.03322440422459297,0.1481894754102466,0.11496507118565363
nondiag_cholesky,9106,var_y,0.08712862751554053,0.033492901938273395,0.05363572557726713
nondiag_cholesky,9106,cov_xy,7.985028638775522e-05,0.020432282099426703,0.020352431813038946
nondiag_cholesky,9106,acf_y_lag1,0.9901298919694563,0.9715356869487142,0.01859420502074216
nondiag_cholesky,9106,crosscorr_lag1,0.0004858993956877757,0.2797243580252085,0.27923845862952074
nongradient_circulation,9106,mean_x,-0.0655480575511468,0.37680942373234244,0.44235748128348923
nongradient_circulation,9106,var_x,0.7719363017268328,0.33664650839983273,0.4352897933270001
nongradient_circulation,9106,acf_x_lag1,0.9962012151489884,0.9927246470677319,0.0034765680812565147
nongradient_circulation,9106,mean_y,-0.061494347558988735,0.04755645836918009,0.10905080592816882
nongradient_circulation,9106,var_y,0.1812905243311099,0.09614285104286246,0.08514767328824743
nongradient_circulation,9106,cov_xy,0.01908818607281477,0.020927388596408258,0.0018392025235934861
nongradient_circulation,9106,acf_y_lag1,0.9861037871578373,0.9745154396729238,0.011588347484913553
nongradient_circulation,9106,crosscorr_lag1,0.057920481087551906,0.11859538199275126,0.06067490090519935
heston_sv,9105,mean_x,142.08538367601184,-28.638519018674277,170.72390269468613
heston_sv,9105,var_x,6921.8910774721435,359.34195998070527,6562.549117491439
heston_sv,9105,acf_x_lag1,0.9988565449773069,0.9984713038082322,0.0003852411690746793
heston_sv,9105,mean_y,0.040221685846196016,0.11268867836131886,0.07246699251512284
heston_sv,9105,var_y,0.0011307849675753767,0.006135714856448373,0.005004929888872996
heston_sv,9105,cov_xy,-0.7746967584442932,-0.40656349211360143,0.36813326633069177
heston_sv,9105,acf_y_lag1,0.9933423790962949,0.907016664610794,0.08632571448550086
heston_sv,9105,crosscorr_lag1,-0.2752946385702385,-0.2882611540696845,0.012966515499445996
heston_logsv,9106,mean_x,0.06008189774836016,0.35600286380972296,0.2959209660613628
heston_logsv,9106,var_x,0.16455175320377288,0.01874271372131891,0.14580903948245397
heston_logsv,9106,acf_x_lag1,0.9991305273700586,0.9969778421607558,0.002152685209302785
heston_logsv,9106,mean_y,0.03867734178230138,0.028898998212637486,0.009778343569663894
heston_logsv,9106,var_y,0.0008517030706267345,0.00046122497182566556,0.0003904780988010689
heston_logsv,9106,cov_xy,-0.0026962213223314987,-0.0005065939974362623,0.002189627324895236
heston_logsv,9106,acf_y_lag1,0.9918035488661235,0.9858541732187455,0.0059493756473780746
heston_logsv,9106,crosscorr_lag1,-0.225060446981435,-0.16162939697540324,0.06343105000603175
indep_ou,9107,mean_x,-0.04075570186172883,0.8110244287062696,0.8517801305679984
indep_ou,9107,var_x,0.48657787760832294,0.7498531495244288,0.2632752719161059
indep_ou,9107,acf_x_lag1,0.9895631942439277,0.9933515955764767,0.003788401332548985
indep_ou,9107,mean_y,-0.0022851001387909926,-0.07049850996140733,0.06821340982261634
indep_ou,9107,var_y,0.12089576954978971,0.07203173382031658,0.048864035729473135
indep_ou,9107,cov_xy,0.004707428454156974,-0.04829052413441429,0.05299795258857126
indep_ou,9107,acf_y_lag1,0.9794381340640085,0.9666451168409418,0.012793017223066694
indep_ou,9107,crosscorr_lag1,0.02002469919978,-0.2055592397215477,0.2255839389213277
correlated_ou,9107,mean_x,0.04110095911576854,0.6740997506062034,0.6329987914904349
correlated_ou,9107,var_x,0.49221809456687915,0.44743848383703905,0.0447796107298401
correlated_ou,9107,acf_x_lag1,0.9897074976074947,0.9888114033405306,0.0008960942669640204
correlated_ou,9107,mean_y,-0.016880710894649233,-0.45668178302792006,0.43980107213327085
correlated_ou,9107,var_y,0.20771315073873006,0.2830707962939677,0.07535764555523763
correlated_ou,9107,cov_xy,-0.18823050544084163,-0.29476876270422436,0.10653825726338273
correlated_ou,9107,acf_y_lag1,0.9843336969699058,0.9884451936746043,0.0041114967046984585
correlated_ou,9107,crosscorr_lag1,-0.5792404240484762,-0.8200244546783874,0.24078403062991116
heston_sv,9106,mean_x,115.32528965109438,107.26711225531257,8.058177395781811
heston_sv,9106,var_x,2390.973792750562,24.532476575971483,2366.4413161745906
heston_sv,9106,acf_x_lag1,0.9988168875319078,0.9995243765203444,0.0007074889884366442
heston_sv,9106,mean_y,0.03867734178230138,-0.07738309983252348,0.11606044161482486
heston_sv,9106,var_y,0.0008517030706267345,0.003286275767808501,0.0024345726971817666
heston_sv,9106,cov_xy,-0.23769114016996987,0.1065594126941544,0.34425055286412426
heston_sv,9106,acf_y_lag1,0.9918035488661235,0.8968335252794296,0.09497002358669393
heston_sv,9106,crosscorr_lag1,-0.16426232400389273,0.3813335074759708,0.5455958314798635
coupled_ou,9107,mean_x,-0.045384755458264425,1.2753209847617724,1.3207057402200368
coupled_ou,9107,var_x,0.5985987969525391,1.446863627891687,0.848264830939148
coupled_ou,9107,acf_x_lag1,0.9912735058821267,0.9965962500834677,0.005322744201341045
coupled_ou,9107,mean_y,-0.05152604120882093,1.4289360516230023,1.4804620928318233
coupled_ou,9107,var_y,0.6396460324288651,3.4004412472985144,2.760795214869649
coupled_ou,9107,cov_xy,0.2950744916444257,1.9771033238291342,1.6820288321847086
coupled_ou,9107,acf_y_lag1,0.9919662054393141,0.9985320991949139,0.006565893755599794
coupled_ou,9107,crosscorr_lag1,0.47707150214098354,0.8917156044150919,0.41464410227410836
rotational_ou,9107,mean_x,0.004514107728816548,0.40649900199361044,0.4019848942647939
rotational_ou,9107,var_x,0.5086185910084897,0.3983830862338217,0.11023550477466804
rotational_ou,9107,acf_x_lag1,0.9894746314225322,0.9882114568077986,0.0012631746147335754
rotational_ou,9107,mean_y,-0.02262949629902814,-0.10404727396336418,0.08141777766433603
rotational_ou,9107,var_y,0.513238689070864,0.33788951053938576,0.17534917853147824
rotational_ou,9107,cov_xy,-0.0038749743594499574,-0.13108981503926542,0.12721484067981548
rotational_ou,9107,acf_y_lag1,0.9899058324103375,0.984985167135331,0.004920665275006453
rotational_ou,9107,crosscorr_lag1,0.012619480123681462,-0.34021531569048363,0.3528347958141651
spiral_sink_corr,9107,mean_x,0.026597466361189717,0.5216516381508745,0.49505417178968475
spiral_sink_corr,9107,var_x,0.5407784016895293,0.7382900808365755,0.19751167914704626
spiral_sink_corr,9107,acf_x_lag1,0.9904906857018297,0.9931548752887845,0.0026641895869548016
spiral_sink_corr,9107,mean_y,0.007902654334537924,0.1866756078402145,0.17877295350567657
spiral_sink_corr,9107,var_y,0.29385344624817644,0.2607093573713389,0.03314408887683756
spiral_sink_corr,9107,cov_xy,-0.02105012321317553,0.03281528114130431,0.05386540435447984
spiral_sink_corr,9107,acf_y_lag1,0.9886055238556515,0.9878470145552706,0.0007585093003809051
spiral_sink_corr,9107,crosscorr_lag1,-0.03188596090182503,0.0948527594734934,0.12673872037531844
cir_pair,9106,mean_x,0.03833140105371533,0.08363770813728554,0.0453063070835702
cir_pair,9106,var_x,0.0007637118430800063,0.0023194342785169565,0.0015557224354369502
cir_pair,9106,acf_x_lag1,0.9908685565578439,0.9939322160776026,0.0030636595197587324
cir_pair,9106,mean_y,0.03867734178230138,0.025108367573516102,0.013568974208785278
cir_pair,9106,var_y,0.0008517030706267345,0.0003239358515623231,0.0005277672190644113
cir_pair,9106,cov_xy,-0.00042979137541035537,-0.0005966620378033981,0.0001668706623930427
cir_pair,9106,acf_y_lag1,0.9918035488661235,0.9853721195602654,0.006431429305858161
cir_pair,9106,crosscorr_lag1,-0.5289238820026686,-0.6821941693294732,0.1532702873268046
double_well_transverse,9107,mean_x,-0.2637624430333867,0.14626851818702064,0.41003096122040733
double_well_transverse,9107,var_x,0.6696861709945418,0.8055805428756735,0.13589437188113174
double_well_transverse,9107,acf_x_lag1,0.9955596309015244,0.9969569870388276,0.001397356137303185
double_well_transverse,9107,mean_y,-0.16408816026089731,-0.021521388083064082,0.14256677217783323
double_well_transverse,9107,var_y,0.33244088837291125,0.30638816707457855,0.026052721298332693
double_well_transverse,9107,cov_xy,0.17849417425195677,0.33329532044431853,0.15480114619236177
double_well_transverse,9107,acf_y_lag1,0.992439401271334,0.9922638407579731,0.00017556051336087286
double_well_transverse,9107,crosscorr_lag1,0.38145753481212136,0.6753570088734413,0.29389947406131994
gradient_potential,9107,mean_x,-0.34167414381338385,0.05423164465285546,0.3959057884662393
gradient_potential,9107,var_x,0.6839313779337001,0.8443834372724462,0.16045205933874618
gradient_potential,9107,acf_x_lag1,0.9955809190664534,0.9970701583894063,0.0014892393229528622
gradient_potential,9107,mean_y,-0.022910562486142254,-0.10703408866022955,0.0841235261740873
gradient_potential,9107,var_y,0.17859515384869895,0.07793142588309994,0.10066372796559901
gradient_potential,9107,cov_xy,-0.012654196669982916,-0.045031642618563274,0.03237744594858036
gradient_potential,9107,acf_y_lag1,0.9859611557081933,0.9688618232108266,0.017099332497366726
gradient_potential,9107,crosscorr_lag1,-0.036490458759780374,-0.1732105953768496,0.13672013661706922
heston_logsv,9107,mean_x,0.175067142937126,0.28227926916583523,0.10721212622870924
heston_logsv,9107,var_x,0.18904157493963408,0.04277803478792734,0.14626354015170673
heston_logsv,9107,acf_x_lag1,0.9991134376847125,0.9992021215116734,8.868382696092247e-05
heston_logsv,9107,mean_y,0.0376200452011076,0.01793099658771174,0.01968904861339586
heston_logsv,9107,var_y,0.0007365928621839619,0.0002647009055384625,0.0004718919566454994
heston_logsv,9107,cov_xy,-0.0034872662190842366,-0.0020117567968985285,0.0014755094221857081
heston_logsv,9107,acf_y_lag1,0.9903519885340532,0.9837905038303287,0.006561484703724418
heston_logsv,9107,crosscorr_lag1,-0.2931370423417965,-0.5926489014892228,0.2995118591474263
diag_multiplicative,9107,mean_x,-0.030816066626048105,0.6196776588058684,0.6504937254319165
diag_multiplicative,9107,var_x,0.26723335149133665,0.5757951928062085,0.30856184131487185
diag_multiplicative,9107,acf_x_lag1,0.9894630391034979,0.9939341440738608,0.00447110497036296
diag_multiplicative,9107,mean_y,-0.0037659157297468887,0.023906873800056332,0.027672789529803222
diag_multiplicative,9107,var_y,0.21233157777994255,0.11555417786128204,0.09677739991866051
diag_multiplicative,9107,cov_xy,0.006013402553441757,-0.06988511560551804,0.07589851815895979
diag_multiplicative,9107,acf_y_lag1,0.9889505939716274,0.9756059916968989,0.013344602274728556
diag_multiplicative,9107,crosscorr_lag1,0.025788057998172766,-0.26416212046110393,0.2899501784592767
nondiag_cholesky,9107,mean_x,0.018400023284826997,0.7251449439853437,0.7067449207005166
nondiag_cholesky,9107,var_x,0.1271038574754086,0.6453291947466134,0.5182253372712049
nondiag_cholesky,9107,acf_x_lag1,0.9893646665891955,0.9902367712490778,0.0008721046598823001
nondiag_cholesky,9107,mean_y,0.012339787842296614,-0.6704503832578544,0.682790171100151
nondiag_cholesky,9107,var_y,0.08075636516102344,0.9736889798847027,0.8929326147236792
nondiag_cholesky,9107,cov_xy,0.0016183697743717524,-0.6767456460776735,0.6783640158520453
nondiag_cholesky,9107,acf_y_lag1,0.9891893901333098,0.9990478876017332,0.009858497468423488
nondiag_cholesky,9107,crosscorr_lag1,0.016410409090009858,-0.8563459669495378,0.8727563760395477
nongradient_circulation,9107,mean_x,-0.28230928085240825,-1.010540661241621,0.7282313803892128
nongradient_circulation,9107,var_x,0.6741291871577013,0.08841540402494548,0.5857137831327558
nongradient_circulation,9107,acf_x_lag1,0.9953943100800619,0.9716186401063597,0.023775669973702174
nongradient_circulation,9107,mean_y,-0.04323373791554564,-0.18822868679937657,0.14499494888383094
nongradient_circulation,9107,var_y,0.18113950225470282,0.14448875095343022,0.0366507513012726
nongradient_circulation,9107,cov_xy,0.007460721722112791,0.012362213162635834,0.004901491440523043
nongradient_circulation,9107,acf_y_lag1,0.9861694390476807,0.9833620420583667,0.0028073969893139816
nongradient_circulation,9107,crosscorr_lag1,0.027810977956104144,0.12785774294886845,0.10004676499276431
indep_ou,9108,mean_x,-0.0645887632795927,0.053069760292355314,0.11765852357194802
indep_ou,9108,var_x,0.48228276521864316,0.3628853211977704,0.11939744402087277
indep_ou,9108,acf_x_lag1,0.9893058979517054,0.9868296794499081,0.002476218501797356
indep_ou,9108,mean_y,0.01982840781722671,0.06109906803288387,0.04127066021565716
indep_ou,9108,var_y,0.12436932600232171,0.12662173616748923,0.002252410165167515
indep_ou,9108,cov_xy,0.0021547617896567214,-0.046383821443360645,0.048538583233017366
indep_ou,9108,acf_y_lag1,0.9803383543118893,0.9799081647949217,0.0004301895169676051
indep_ou,9108,crosscorr_lag1,0.008751517188480414,-0.21705439471708302,0.22580591190556343
cir_pair,9107,mean_x,0.040186365304447705,0.08347062425565958,0.04328425895121188
cir_pair,9107,var_x,0.000793566986710201,0.0041738384570035965,0.0033802714702933956
cir_pair,9107,acf_x_lag1,0.9907612193096831,0.9964084705435752,0.005647251233892092
cir_pair,9107,mean_y,0.0376200452011076,0.019899564262216143,0.017720480938891458
cir_pair,9107,var_y,0.0007365928621839619,0.00015084017837675002,0.000585752683807212
cir_pair,9107,cov_xy,-0.0003943815081531295,-0.00044776201612594914,5.338050797281963e-05
cir_pair,9107,acf_y_lag1,0.9903519885340532,0.9763437000941848,0.014008288439868344
cir_pair,9107,crosscorr_lag1,-0.5112933178061531,-0.5540070522215667,0.042713734415413596
correlated_ou,9108,mean_x,0.04628335200555736,0.06272398684970493,0.016440634844147567
correlated_ou,9108,var_x,0.48353192189228417,0.34958341585961533,0.13394850603266883
correlated_ou,9108,acf_x_lag1,0.9891908216319484,0.9860286890397062,0.003162132592242184
correlated_ou,9108,mean_y,-0.042369478389283614,0.007036509637734453,0.049405988027018066
correlated_ou,9108,var_y,0.21091169850688452,0.2627247609014409,0.05181306239455641
correlated_ou,9108,cov_xy,-0.1871088873822334,-0.20422907420616915,0.017120186823935735
correlated_ou,9108,acf_y_lag1,0.9848792322371019,0.9883747068700722,0.0034954746329702857
correlated_ou,9108,crosscorr_lag1,-0.5766492709875426,-0.6643062028204961,0.08765693183295353
coupled_ou,9108,mean_x,-0.12537044904691966,-0.1408624259928215,0.015491976945901847
coupled_ou,9108,var_x,0.6080555361299654,0.6443980552746721,0.03634251914470665
coupled_ou,9108,acf_x_lag1,0.9916880619475362,0.9924095311352048,0.0007214691876685775
coupled_ou,9108,mean_y,-0.0752592393466697,-0.1951617995462713,0.1199025601996016
coupled_ou,9108,var_y,0.6292116405038929,0.613082931017793,0.0161287094860999
coupled_ou,9108,cov_xy,0.2870127538890746,0.41829282638165,0.1312800724925754
coupled_ou,9108,acf_y_lag1,0.9915407871742641,0.991958583371469,0.0004177961972049449
coupled_ou,9108,crosscorr_lag1,0.4638947789471294,0.6664166990587603,0.20252192011163095
rotational_ou,9108,mean_x,-0.015409653947652395,-0.10566609371847309,0.09025643977082069
rotational_ou,9108,var_x,0.5276621225338628,0.7236863979200576,0.19602427538619482
rotational_ou,9108,acf_x_lag1,0.9901249657312103,0.9925755432181618,0.002450577486951433
rotational_ou,9108,mean_y,-0.024794891710904796,0.1955249177404871,0.2203198094513919
rotational_ou,9108,var_y,0.5065181836523527,0.5466494175414813,0.04013123388912865
rotational_ou,9108,cov_xy,-5.114223859634598e-05,-0.06439788720416986,0.06434674496557352
rotational_ou,9108,acf_y_lag1,0.9897404704265432,0.9914700488899338,0.001729578463390613
rotational_ou,9108,crosscorr_lag1,0.019756651494412594,-0.08048131061433633,0.10023796210874893
spiral_sink_corr,9108,mean_x,0.03387973904365931,-0.0022761273704825606,0.03615586641414187
spiral_sink_corr,9108,var_x,0.5304466206574014,0.5997479859270302,0.06930136526962871
spiral_sink_corr,9108,acf_x_lag1,0.9901995591952256,0.9916863195329063,0.0014867603376806926
spiral_sink_corr,9108,mean_y,-0.0004802508249929832,0.08927620574570166,0.08975645657069464
spiral_sink_corr,9108,var_y,0.29827634586322704,0.3125390420959321,0.014262696232705041
spiral_sink_corr,9108,cov_xy,-0.02624813667351996,-0.07404449013611365,0.04779635346259369
spiral_sink_corr,9108,acf_y_lag1,0.9888838376474527,0.9900382440080745,0.001154406360621807
spiral_sink_corr,9108,crosscorr_lag1,-0.04531994963360298,-0.1504861939355295,0.10516624430192653
double_well_transverse,9108,mean_x,-0.07197664282406759,-0.018786909540556906,0.053189733283510676
double_well_transverse,9108,var_x,0.6761302118043345,0.7271632810365343,0.051033069232199746
double_well_transverse,9108,acf_x_lag1,0.9953044175868151,0.9965913377735477,0.0012869201867325986
double_well_transverse,9108,mean_y,-0.08792701519351627,-0.19014157539534585,0.10221456020182958
double_well_transverse,9108,var_y,0.31466975271418657,0.2802841996020658,0.03438555311212077
double_well_transverse,9108,cov_xy,0.16287338265685217,0.13768865446530015,0.025184728191552014
double_well_transverse,9108,acf_y_lag1,0.9916312043404631,0.9913811401271895,0.0002500642132736708
double_well_transverse,9108,crosscorr_lag1,0.3567198607581511,0.30783590979083547,0.048883950967315626
gradient_potential,9108,mean_x,-0.24437730483758874,-0.58263600998669,0.3382587051491012
gradient_potential,9108,var_x,0.6735802826961635,0.2067563023050372,0.4668239803911264
gradient_potential,9108,acf_x_lag1,0.9951285744117243,0.9883642132161302,0.006764361195594093
gradient_potential,9108,mean_y,-0.03712851091791894,0.018348096817489286,0.055476607735408225
gradient_potential,9108,var_y,0.18714198616235403,0.16907777176713232,0.01806421439522171
gradient_potential,9108,cov_xy,0.0037145761406225117,-0.05616095169338442,0.05987552783400693
gradient_potential,9108,acf_y_lag1,0.9864299717390815,0.9850383050309908,0.0013916667080907663
gradient_potential,9108,crosscorr_lag1,0.010238510366048807,-0.2999075595534599,0.31014606991950866
heston_sv,9107,mean_x,132.8691344246001,103.95545492166893,28.913679502931174
heston_sv,9107,var_x,5625.536370578127,0.766320290813962,5624.770050287313
heston_sv,9107,acf_x_lag1,0.9991166632778767,0.9927638502137865,0.00635281306409019
heston_sv,9107,mean_y,0.0376200452011076,-0.04348025134728807,0.08110029654839568
heston_sv,9107,var_y,0.0007365928621839619,0.0010900302273620466,0.00035343736517808467
heston_sv,9107,cov_xy,-0.4954588002773513,0.0016583091995098459,0.4971171094768611
heston_sv,9107,acf_y_lag1,0.9903519885340532,0.9183969736265003,0.07195501490755285
heston_sv,9107,crosscorr_lag1,-0.24173561387226591,0.03360812112622842,0.27534373499849435
diag_multiplicative,9108,mean_x,-0.0460812627216845,0.04085019942322518,0.08693146214490968
diag_multiplicative,9108,var_x,0.2720311447685981,0.2361683798552618,0.03586276491333629
diag_multiplicative,9108,acf_x_lag1,0.9895010060095467,0.9866765132836735,0.002824492725873262
diag_multiplicative,9108,mean_y,0.03003894422139108,0.09584050068592886,0.06580155646453778
diag_multiplicative,9108,var_y,0.21225767836186807,0.1722871892165239,0.03997048914534418
diag_multiplicative,9108,cov_xy,0.0028145620456552925,-0.04885202372703232,0.05166658577268761
diag_multiplicative,9108,acf_y_lag1,0.9891492288831568,0.9877268177867696,0.0014224110963871883
diag_multiplicative,9108,crosscorr_lag1,0.011618489595710105,-0.2440436556102464,0.25566214520595654
heston_logsv,9108,mean_x,0.25025911354371083,0.09426018610538735,0.1559989274383235
heston_logsv,9108,var_x,0.15981823295374767,0.0214649321833308,0.13835330077041685
heston_logsv,9108,acf_x_lag1,0.998957065743159,0.9960461039396467,0.0029109618035123574
heston_logsv,9108,mean_y,0.03729754121088049,0.046715508760320885,0.009417967549440395
heston_logsv,9108,var_y,0.0008122119111424538,0.001867404091406356,0.0010551921802639023
heston_logsv,9108,cov_xy,-0.0027442503399008607,-0.0047337227614480054,0.001989472421547145
heston_logsv,9108,acf_y_lag1,0.9914277657052801,0.9947422423395582,0.003314476634278085
heston_logsv,9108,crosscorr_lag1,-0.2383908436826984,-0.7411542377149759,0.5027633940322775
nongradient_circulation,9108,mean_x,-0.07809064399644562,-0.14798831925485909,0.06989767525841346
nongradient_circulation,9108,var_x,0.7145672387240538,0.6551534355457126,0.05941380317834122
nongradient_circulation,9108,acf_x_lag1,0.995686927302304,0.9961686770914829,0.0004817497891789202
nongradient_circulation,9108,mean_y,-0.033291648346641375,0.09003332430385565,0.12332497265049702
nongradient_circulation,9108,var_y,0.1869388945855967,0.5078377021690147,0.320898807583418
nongradient_circulation,9108,cov_xy,0.004965439432201563,-0.0951451565887678,0.10011059602096938
nongradient_circulation,9108,acf_y_lag1,0.9862976459943023,0.9951444710774697,0.008846825083167476
nongradient_circulation,9108,crosscorr_lag1,0.02038617330345529,-0.15534658735414694,0.17573276065760224
nondiag_cholesky,9108,mean_x,0.03350371333468762,0.031288708652206336,0.0022150046824812863
nondiag_cholesky,9108,var_x,0.12841548466091388,0.11471989591672023,0.013695588744193646
nondiag_cholesky,9108,acf_x_lag1,0.9893452630320455,0.9875313125286569,0.0018139505033886172
nondiag_cholesky,9108,mean_y,-0.011356753201182465,0.04343207930760108,0.054788832508783546
nondiag_cholesky,9108,var_y,0.0802660159092127,0.08953498408922093,0.009268968180008233
nondiag_cholesky,9108,cov_xy,0.001778546861121698,-0.02672265209972307,0.028501198960844767
nondiag_cholesky,9108,acf_y_lag1,0.9893115521281798,0.9895931121527833,0.00028156002460355545
nondiag_cholesky,9108,crosscorr_lag1,0.01742092537167983,-0.2642988795946459,0.2817198049663257
indep_ou,9109,mean_x,-0.05324308150872028,0.43407333137090465,0.4873164128796249
indep_ou,9109,var_x,0.4604401943574363,0.3033314712633258,0.1571087230941105
indep_ou,9109,acf_x_lag1,0.9889482365771834,0.9831227090026169,0.005825527574566558
indep_ou,9109,mean_y,-0.015048561072041142,-0.17221944369056572,0.15717088261852458
indep_ou,9109,var_y,0.1145467389744828,0.05792686171160134,0.05661987726288145
indep_ou,9109,cov_xy,-0.02921553898577999,-0.02745157309026635,0.0017639658955136417
indep_ou,9109,acf_y_lag1,0.978503606985333,0.9570101199386265,0.021493487046706505
indep_ou,9109,crosscorr_lag1,-0.12775988653803003,-0.21010009302959126,0.08234020649156124
cir_pair,9108,mean_x,0.04224727373239378,0.04671527207852967,0.004467998346135892
cir_pair,9108,var_x,0.0009319966713002895,0.0005324363888699319,0.0003995602824303576
cir_pair,9108,acf_x_lag1,0.9916274190312858,0.9839875702532073,0.007639848778078551
cir_pair,9108,mean_y,0.03729754121088049,0.03328167735394731,0.004015863856933179
cir_pair,9108,var_y,0.0008122119111424538,0.0006448580401897445,0.00016735387095270923
cir_pair,9108,cov_xy,-0.0004261659210423665,-0.0003175657580800631,0.00010860016296230341
cir_pair,9108,acf_y_lag1,0.9914277657052801,0.989920762892811,0.0015070028124691826
cir_pair,9108,crosscorr_lag1,-0.48549019395798426,-0.5330806587802457,0.047590464822261425
correlated_ou,9109,mean_x,0.06443894573175758,0.3969002480669394,0.33246130233518184
correlated_ou,9109,var_x,0.4262590460949477,0.26241730446968325,0.16384174162526444
correlated_ou,9109,acf_x_lag1,0.9879914422349126,0.9813566047016441,0.006634837533268545
correlated_ou,9109,mean_y,-0.009510242378966794,-0.3643012343116644,0.3547909919326976
correlated_ou,9109,var_y,0.22504013233563608,0.1503749296637157,0.07466520267192037
correlated_ou,9109,cov_xy,-0.19544165297361688,-0.1483644756684443,0.04707717730517258
correlated_ou,9109,acf_y_lag1,0.9857132006141717,0.9775945145656623,0.008118686048509405
correlated_ou,9109,crosscorr_lag1,-0.6222653253611945,-0.7353892569441394,0.11312393158294487
coupled_ou,9109,mean_x,-0.060814681019432264,-0.5485756398034127,0.48776095878398046
coupled_ou,9109,var_x,0.6090907384457763,0.35445260081793034,0.254638137627846
coupled_ou,9109,acf_x_lag1,0.9916541048526463,0.9850456038734126,0.006608500979233711
coupled_ou,9109,mean_y,-0.10206878062249876,-0.0738212825155307,0.028247498106968055
coupled_ou,9109,var_y,0.49279098053439196,0.16321802301929833,0.32957295751509363
coupled_ou,9109,cov_xy,0.24342151760495914,0.04169520900476895,0.2017263086001902
coupled_ou,9109,acf_y_lag1,0.9895049053985515,0.9698580707461734,0.019646834652378153
coupled_ou,9109,crosscorr_lag1,0.44405906125996036,0.171029855531376,0.27302920572858436
rotational_ou,9109,mean_x,0.020595513865511436,0.3150612998711534,0.29446578600564194
rotational_ou,9109,var_x,0.43840020380632616,0.3051997621960777,0.13320044161024847
rotational_ou,9109,acf_x_lag1,0.9881125695260469,0.9826960609066209,0.005416508619425997
rotational_ou,9109,mean_y,-0.015286209681636577,0.15834866147632207,0.17363487115795864
rotational_ou,9109,var_y,0.4445177553633934,0.31546952718325255,0.12904822818014083
rotational_ou,9109,cov_xy,0.03030388591949089,0.008290841394577973,0.022013044524912914
rotational_ou,9109,acf_y_lag1,0.9880924615246083,0.9844350039645583,0.0036574575600499815
rotational_ou,9109,crosscorr_lag1,0.08877084226608699,0.04659222051052347,0.04217862175556352
spiral_sink_corr,9109,mean_x,0.02108115871649772,0.4055409259688457,0.384459767252348
spiral_sink_corr,9109,var_x,0.49746472339218273,0.3871338033389051,0.1103309200532776
spiral_sink_corr,9109,acf_x_lag1,0.9894946218254084,0.9869744911089605,0.002520130716447855
spiral_sink_corr,9109,mean_y,0.022838388494459863,-0.012443655433309954,0.03528204392776982
spiral_sink_corr,9109,var_y,0.24687869322606365,0.17389632100913643,0.07298237221692722
spiral_sink_corr,9109,cov_xy,-0.05001572393234062,-0.041436654229680174,0.008579069702660445
spiral_sink_corr,9109,acf_y_lag1,0.9865865446840468,0.9804881368031358,0.006098407880910983
spiral_sink_corr,9109,crosscorr_lag1,-0.12138919688190211,-0.13514879608692915,0.013759599205027034
double_well_transverse,9109,mean_x,-0.27260501869424436,0.46925353900671674,0.7418585577009611
double_well_transverse,9109,var_x,0.6672745923966988,0.464932815303673,0.20234177709302587
double_well_transverse,9109,acf_x_lag1,0.9956182284700268,0.994709312669695,0.000908915800331811
double_well_transverse,9109,mean_y,-0.16841229093432575,-0.188564072809308,0.02015178187498226
double_well_transverse,9109,var_y,0.3405676248873868,0.28329882409143176,0.05726880079595503
double_well_transverse,9109,cov_xy,0.17255027627261593,0.1777732732504289,0.005222996977812977
double_well_transverse,9109,acf_y_lag1,0.9924717458124621,0.9907565006822007,0.0017152451302614447
double_well_transverse,9109,crosscorr_lag1,0.36630437590838516,0.4951857805849123,0.12888140467652714
heston_sv,9108,mean_x,139.61925042668878,107.48660398023627,32.13264644645251
heston_sv,9108,var_x,3813.7270073335276,18.131214085921233,3795.5957932476063
heston_sv,9108,acf_x_lag1,0.9987130553943959,0.9997942520695592,0.0010811966751632651
heston_sv,9108,mean_y,0.03729754121088049,-0.06681943352782789,0.10411697473870837
heston_sv,9108,var_y,0.0008122119111424538,0.0025384965366401836,0.0017262846254977298
heston_sv,9108,cov_xy,-0.3093624974112563,0.023446867865184972,0.3328093652764413
heston_sv,9108,acf_y_lag1,0.9914277657052801,0.9122156903811102,0.07921207532416996
heston_sv,9108,crosscorr_lag1,-0.17369344691420788,0.11459287139182066,0.2882863183060285
gradient_potential,9109,mean_x,-0.487104266551754,-0.761838361943099,0.27473409539134497
gradient_potential,9109,var_x,0.5752136273058763,0.07007536870173348,0.5051382586041429
gradient_potential,9109,acf_x_lag1,0.9948089351140004,0.965029622003809,0.02977931311019133
gradient_potential,9109,mean_y,-0.029594109591551076,-0.2866786824961697,0.2570845729046186
gradient_potential,9109,var_y,0.17701695385680835,0.1292538854906672,0.047763068366141165
gradient_potential,9109,cov_xy,0.0027845767099790174,-0.01501124838691257,0.017795825096891586
gradient_potential,9109,acf_y_lag1,0.9857841863342441,0.9792820828081342,0.006502103526109915
gradient_potential,9109,crosscorr_lag1,0.009593199558638422,-0.15329931451853437,0.16289251407717278
diag_multiplicative,9109,mean_x,-0.03680670349852785,-0.4237391460128035,0.38693244251427567
diag_multiplicative,9109,var_x,0.2520819161210552,0.1990364170223243,0.05304549909873088
diag_multiplicative,9109,acf_x_lag1,0.9888862318439395,0.983418761604383,0.0054674702395565156
diag_multiplicative,9109,mean_y,-0.027269311176836192,0.20371981367303094,0.23098912484986714
diag_multiplicative,9109,var_y,0.19984990354079465,0.0794380816668254,0.12041182187396926
diag_multiplicative,9109,cov_xy,-0.03030089788860858,-0.017392227469825425,0.012908670418783155
diag_multiplicative,9109,acf_y_lag1,0.9884734127196547,0.9669047067276861,0.021568705991968584
diag_multiplicative,9109,crosscorr_lag1,-0.13608069586965105,-0.14182014077172148,0.005739444902070429
nongradient_circulation,9109,mean_x,-0.25347124892057715,-0.20018599590189945,0.0532852530186777
nongradient_circulation,9109,var_x,0.6778622493320229,0.32107704907941736,0.3567852002526055
nongradient_circulation,9109,acf_x_lag1,0.9956186016024163,0.9917651071358053,0.003853494466610985
nongradient_circulation,9109,mean_y,-0.0459493038461658,-0.07641777005534196,0.030468466209176162
nongradient_circulation,9109,var_y,0.1857173418679938,0.0588942718320283,0.1268230700359655
nongradient_circulation,9109,cov_xy,0.014928720194179585,0.012867041306161748,0.002061678888017837
nongradient_circulation,9109,acf_y_lag1,0.9862796159524374,0.9581259703215004,0.02815364563093703
nongradient_circulation,9109,crosscorr_lag1,0.050355906369380324,0.10251431479710112,0.05215840842772079
nondiag_cholesky,9109,mean_x,0.02705654380473269,0.27821365447563573,0.251157110670903
nondiag_cholesky,9109,var_x,0.12171100012978783,0.08711983691918655,0.03459116321060128
nondiag_cholesky,9109,acf_x_lag1,0.9889037740668105,0.982616784325098,0.00628698974171249
nondiag_cholesky,9109,mean_y,0.016549638530743968,-0.10836787267467948,0.12491751120542345
nondiag_cholesky,9109,var_y,0.07688069011444516,0.03301534046258313,0.043865349651862034
nondiag_cholesky,9109,cov_xy,-0.009590367375881962,-0.010736883231434596,0.0011465158555526347
nondiag_cholesky,9109,acf_y_lag1,0.9887591976892188,0.9723753715161759,0.016383826173042904
nondiag_cholesky,9109,crosscorr_lag1,-0.10021836692816155,-0.20357367393608944,0.10335530700792789
heston_logsv,9109,mean_x,0.06414732609289349,0.2810441010708416,0.21689677497794813
heston_logsv,9109,var_x,0.20223811090623953,0.0255619071595649,0.17667620374667461
heston_logsv,9109,acf_x_lag1,0.9991228943829528,0.9986072333775459,0.0005156610054068977
heston_logsv,9109,mean_y,0.0400411131901915,0.016952918341816392,0.023088194848375106
heston_logsv,9109,var_y,0.0008876873546629806,0.00013999828387619743,0.0007476890707867832
heston_logsv,9109,cov_xy,-0.004820449714758928,-0.0006382130111153773,0.004182236703643551
heston_logsv,9109,acf_y_lag1,0.9914795491686846,0.9715885246671837,0.01989102450150093
heston_logsv,9109,crosscorr_lag1,-0.35713511738186154,-0.3299498701087334,0.027185247273128155
indep_ou,9110,mean_x,0.0048413677478278,-0.09406737693972109,0.09890874468754889
indep_ou,9110,var_x,0.44620138676531484,0.361862515559727,0.08433887120558786
indep_ou,9110,acf_x_lag1,0.9885963178775463,0.9862267079844611,0.0023696098930852116
indep_ou,9110,mean_y,-0.00045703211900754884,-0.06409619390860773,0.06363916178960018
indep_ou,9110,var_y,0.12733725913732247,0.2542836993560239,0.12694644021870144
indep_ou,9110,cov_xy,0.0057037217088224046,-0.08185568289641414,0.08755940460523653
indep_ou,9110,acf_y_lag1,0.9804536703270799,0.9885155538914046,0.00806188356432469
indep_ou,9110,crosscorr_lag1,0.023377088484385977,-0.27151293023683204,0.294890018721218
cir_pair,9109,mean_x,0.03767308509308615,0.04993281088605936,0.012259725792973207
cir_pair,9109,var_x,0.0007601490479018487,0.0005787765449297393,0.00018137250297210945
cir_pair,9109,acf_x_lag1,0.9906896739916178,0.9839234460714483,0.006766227920169454
cir_pair,9109,mean_y,0.0400411131901915,0.01683654453311382,0.02320456865707768
cir_pair,9109,var_y,0.0008876873546629806,0.0001979368694495388,0.0006897504852134417
cir_pair,9109,cov_xy,-0.0004387918389565566,-0.0002748798774447165,0.00016391196151184007
cir_pair,9109,acf_y_lag1,0.9914795491686846,0.9820618827810349,0.009417666387649737
cir_pair,9109,crosscorr_lag1,-0.5291042308115353,-0.8000535456344379,0.2709493148229025
correlated_ou,9110,mean_x,-0.004959162692790977,-0.17318483565069573,0.16822567295790475
correlated_ou,9110,var_x,0.475266450501342,0.3939351381983411,0.08133131230300089
correlated_ou,9110,acf_x_lag1,0.9893252890361648,0.9872188004731905,0.0021064885629742403
correlated_ou,9110,mean_y,0.0012131705468347985,-0.012485429960290622,0.013698600507125422
correlated_ou,9110,var_y,0.19931366398777967,0.2993869669530231,0.10007330296524342
correlated_ou,9110,cov_xy,-0.16366732741411508,-0.13090954966582477,0.032757777748290307
correlated_ou,9110,acf_y_lag1,0.9837139305941696,0.9882771643559105,0.004563233761740948
correlated_ou,9110,crosscorr_lag1,-0.5228742432319058,-0.37679765625814204,0.14607658697376374
coupled_ou,9110,mean_x,0.016407880112265915,-0.3067842750972474,0.32319215520951333
coupled_ou,9110,var_x,0.5677981855323087,1.1076135695079985,0.5398153839756898
coupled_ou,9110,acf_x_lag1,0.990800959268815,0.9949992405374067,0.004198281268591786
coupled_ou,9110,mean_y,0.015642790808593477,-0.05664190140430753,0.07228469221290101
coupled_ou,9110,var_y,0.5927337217053279,0.32016742951671706,0.27256629218861084
coupled_ou,9110,cov_xy,0.22428823283605698,0.21162089393563177,0.012667338900425207
coupled_ou,9110,acf_y_lag1,0.9913263619410452,0.983039732719728,0.008286629221317177
coupled_ou,9110,crosscorr_lag1,0.38584460844549073,0.3539376136947205,0.031906994750770246
rotational_ou,9110,mean_x,-0.0005020082841780504,-0.05746272131253069,0.05696071302835264
rotational_ou,9110,var_x,0.4475282244398219,1.009903400144291,0.5623751757044692
rotational_ou,9110,acf_x_lag1,0.988319791756204,0.9942520778887372,0.00593228613253316
rotational_ou,9110,mean_y,0.001650162950262744,0.1065117149766768,0.10486155202641406
rotational_ou,9110,var_y,0.45459447963020244,0.8175042295255601,0.3629097498953577
rotational_ou,9110,cov_xy,0.01080136087459811,0.15016849553526318,0.13936713466066508
rotational_ou,9110,acf_y_lag1,0.9885281001423116,0.9931793477653146,0.004651247623002952
rotational_ou,9110,crosscorr_lag1,0.04406053129039082,0.18431784117241443,0.14025730988202362
spiral_sink_corr,9110,mean_x,-0.0003629776722918027,-0.016827824275859552,0.01646484660356775
spiral_sink_corr,9110,var_x,0.48634321775569544,0.4453682694458396,0.04097494830985582
spiral_sink_corr,9110,acf_x_lag1,0.9894005441902687,0.9881348654138161,0.0012656787764525612
spiral_sink_corr,9110,mean_y,-0.00021919700311992917,-0.044574492303109,0.04435529529998907
spiral_sink_corr,9110,var_y,0.2605588124961795,0.36304968033456864,0.10249086783838912
spiral_sink_corr,9110,cov_xy,-0.03318482047235344,-0.16686828103041393,0.1336834605580605
spiral_sink_corr,9110,acf_y_lag1,0.9873355914156844,0.9899482075124346,0.002612616096750231
spiral_sink_corr,9110,crosscorr_lag1,-0.07186042839562133,-0.394283075891177,0.32242264749555566
double_well_transverse,9110,mean_x,-0.14778995787866087,0.2890480690329845,0.4368380269116454
double_well_transverse,9110,var_x,0.7622175971806138,0.7385236597620591,0.023693937418554634
double_well_transverse,9110,acf_x_lag1,0.9958961461748517,0.996404840853523,0.0005086946786713176
double_well_transverse,9110,mean_y,-0.07552456229147303,-0.19525616273018814,0.11973160043871511
double_well_transverse,9110,var_y,0.34624635953352423,0.6611707749074746,0.31492441537395033
double_well_transverse,9110,cov_xy,0.23592505729581625,0.017884937023274126,0.21804012027254213
double_well_transverse,9110,acf_y_lag1,0.9927475951087855,0.9958744389665503,0.0031268438577647384
double_well_transverse,9110,crosscorr_lag1,0.4626091733286586,0.030415719325798334,0.43219345400286024
gradient_potential,9110,mean_x,-0.24973548087719571,0.16006840936652428,0.40980389024372
gradient_potential,9110,var_x,0.7800893574343205,0.960019343321092,0.17992998588677145
gradient_potential,9110,acf_x_lag1,0.9960509111874996,0.997185213920948,0.0011343027334485
gradient_potential,9110,mean_y,0.009689273691454725,0.1256687669241744,0.11597949323271967
gradient_potential,9110,var_y,0.17308738666469353,0.2652020275406379,0.09211464087594434
gradient_potential,9110,cov_xy,0.012458125590781082,-0.14008726169405872,0.1525453872848398
gradient_potential,9110,acf_y_lag1,0.9855121259772817,0.9896983228928894,0.004186196915607732
gradient_potential,9110,crosscorr_lag1,0.0341781348768831,-0.27969366025431336,0.31387179513119645
diag_multiplicative,9110,mean_x,0.006683942252932697,-0.022583689635698137,0.029267631888630834
diag_multiplicative,9110,var_x,0.24505871579246283,0.25667723783604673,0.011618522043583907
diag_multiplicative,9110,acf_x_lag1,0.9884798894710091,0.9865062478401491,0.0019736416308600013
diag_multiplicative,9110,mean_y,-0.0011754305794676578,0.17683988471772705,0.1780153152971947
diag_multiplicative,9110,var_y,0.25658379776127854,0.48206920334640596,0.22548540558512742
diag_multiplicative,9110,cov_xy,0.01347659056488072,0.04537732308966212,0.0319007325247814
diag_multiplicative,9110,acf_y_lag1,0.9908615310542793,0.994498219433827,0.00363668837954767
diag_multiplicative,9110,crosscorr_lag1,0.05308674701381607,0.12756660241154477,0.0744798553977287
heston_sv,9109,mean_x,117.86509701201446,230.87316521417526,113.0080682021608
heston_sv,9109,var_x,3089.2064218555374,3928.203521993092,838.9971001375548
heston_sv,9109,acf_x_lag1,0.9989703301877134,0.9999708706398038,0.0010005404520904149
heston_sv,9109,mean_y,0.0400411131901915,-0.07206479911424529,0.11210591230443678
heston_sv,9109,var_y,0.0008876873546629806,0.003008747987484873,0.0021210606328218922
heston_sv,9109,cov_xy,-0.4694542232140747,-0.24801699065949592,0.22143723255457878
heston_sv,9109,acf_y_lag1,0.9914795491686846,0.8961570245334765,0.09532252463520818
heston_sv,9109,crosscorr_lag1,-0.28135118973894085,-0.06290917861127554,0.21844201112766531
nongradient_circulation,9110,mean_x,-0.22055741919917587,-0.37221102524522737,0.1516536060460515
nongradient_circulation,9110,var_x,0.7331966114625772,0.6750711103048996,0.05812550115767756
nongradient_circulation,9110,acf_x_lag1,0.9957491138068916,0.9959911900590521,0.00024207625216055018
nongradient_circulation,9110,mean_y,-0.01914866514776213,-0.08570813395019553,0.0665594688024334
nongradient_circulation,9110,var_y,0.19047365890858145,0.09981871680183539,0.09065494210674606
nongradient_circulation,9110,cov_xy,0.044271858538153984,0.010898523387296376,0.03337333515085761
nongradient_circulation,9110,acf_y_lag1,0.986818092204391,0.9718421982293416,0.014975893975049392
nongradient_circulation,9110,crosscorr_lag1,0.1253818702049015,0.05059163695603955,0.07479023324886194
nondiag_cholesky,9110,mean_x,-0.00420038977989721,-0.12365285778679912,0.1194524680069019
nondiag_cholesky,9110,var_x,0.11619910531527183,0.12139859795504619,0.0051994926397743585
nondiag_cholesky,9110,acf_x_lag1,0.988407676797528,0.9881038563475296,0.0003038204499983266
nondiag_cholesky,9110,mean_y,-0.0017427381745602816,-0.12675970835210362,0.12501697017754335
nondiag_cholesky,9110,var_y,0.09303431246815963,0.17433852316643308,0.08130421069827345
nondiag_cholesky,9110,cov_xy,0.008008244792596512,0.03324336290919556,0.025235118116599044
nondiag_cholesky,9110,acf_y_lag1,0.9905888065999452,0.9939226289650299,0.0033338223650847265
nondiag_cholesky,9110,crosscorr_lag1,0.07643785307787859,0.22378188486881545,0.14734403179093686
heston_logsv,9110,mean_x,0.11649579173925771,0.1089316515919983,0.00756414014725941
heston_logsv,9110,var_x,0.35997544838505663,0.00484612880505002,0.3551293195800066
heston_logsv,9110,acf_x_lag1,0.9993253219882308,0.9849137034194264,0.014411618568804352
heston_logsv,9110,mean_y,0.039533001458505405,0.036193124041451,0.003339877417054403
heston_logsv,9110,var_y,0.0008992956942748835,0.000866498438823631,3.279725545125248e-05
heston_logsv,9110,cov_xy,-0.005081533724055526,-0.0008647363550172722,0.0042167973690382535
heston_logsv,9110,acf_y_lag1,0.9916786927312938,0.988824305370399,0.002854387360894828
heston_logsv,9110,crosscorr_lag1,-0.2804641727843385,-0.41309880694990075,0.13263463416556226
cir_pair,9110,mean_x,0.04062664603199713,0.029210410730908423,0.011416235301088706
cir_pair,9110,var_x,0.0010002556813985247,0.00041173174361604567,0.0005885239377824789
cir_pair,9110,acf_x_lag1,0.992426388850864,0.9868862315297188,0.0055401573211452115
cir_pair,9110,mean_y,0.039533001458505405,0.038386169874273623,0.001146831584231782
cir_pair,9110,var_y,0.0008992956942748835,0.0005384434834641631,0.0003608522108107204
cir_pair,9110,cov_xy,-0.0004784819005690656,-0.00012227253979402175,0.00035620936077504386
cir_pair,9110,acf_y_lag1,0.9916786927312938,0.9872092960242599,0.004469396707033946
cir_pair,9110,crosscorr_lag1,-0.500509383273444,-0.25647626982815286,0.2440331134452911
heston_sv,9110,mean_x,131.35956264272886,13.639372061117216,117.72019058161165
heston_sv,9110,var_x,5573.988373052732,524.3199179397499,5049.668455112982
heston_sv,9110,acf_x_lag1,0.9992107773986963,0.994314331177324,0.004896446221372308
heston_sv,9110,mean_y,0.039533001458505405,0.0885601189541017,0.04902711749559629
heston_sv,9110,var_y,0.0008992956942748835,0.0073268870363457595,0.006427591342070876
heston_sv,9110,cov_xy,-0.4972972967709034,0.02938974062022472,0.5266870373911281
heston_sv,9110,acf_y_lag1,0.9916786927312938,0.33774539243827006,0.6539333002930238
heston_sv,9110,crosscorr_lag1,-0.2203558251850814,0.0184438479615777,0.2387996731466591
